bolgeler;il;ilce;biyometanizasyona_uygun_belediye_atiklarim_miktari_ton_yil;yakmaya_uygun_belediye_atiklari_miktari_ton_yil;biyometanizasyona_uygun_belediye_atiklari_enerji_esdegeri_tep_yil;yakmaya_uygun_belediye_tiklari_enerji_esdegeri_tep_yil;biyometanizasyona_ve_yakmaya_uygun_toplam_enerjiesdegeri_tep_yil
Akdeniz Bölgesi;Adana;Seyhan;122509,3;149733,6;3950,9;25459,3;29410,2
Akdeniz Bölgesi;Adana;Ceyhan;24776,4;30282,2;799;5148,9;5947,9
Akdeniz Bölgesi;Adana;Feke;2710,4;3312,7;87,4;563,3;650,7
Akdeniz Bölgesi;Adana;Karataþ;3791,8;4634,4;122,3;788;910,3
Akdeniz Bölgesi;Adana;Kozan;20147,8;24625,1;649,8;4187;4836,8
Akdeniz Bölgesi;Adana;Karaisalý;3444,2;4209,6;111,1;715,8;826,9
Akdeniz Bölgesi;Adana;Saimbeyli;2368,1;2894,4;76,4;492,1;568,5
Akdeniz Bölgesi;Adana;Pozantý;3193,4;3903;103;663,6;766,6
Akdeniz Bölgesi;Adana;Çukurova;56467,7;69016;1821,1;11734,8;13555,9
Akdeniz Bölgesi;Adana;Sarýçam;26734,1;32675;862,2;5555,8;6418
Akdeniz Bölgesi;Adana;Yumurtalýk;2869,7;3507,5;92,5;596,4;688,9
Akdeniz Bölgesi;Adana;Ýmamoðlu;4360;5328,8;140,6;906,1;1046,7
Akdeniz Bölgesi;Adana;Yüreðir;64104,5;78349,9;2067,4;13321,9;15389,3
Akdeniz Bölgesi;Adana;Tufanbeyli;2727,7;3333,9;88;566,9;654,9
Akdeniz Bölgesi;Adana;Aladað;2571,1;3142,5;82,9;534,3;617,2
Güneydoðu Anadolu Bölgesi;Adýyaman;Besni;10157,4;12414,5;327,6;1738,3;2065,9
Güneydoðu Anadolu Bölgesi;Adýyaman;Gerger;2501,2;3057;80,7;428,1;508,8
Güneydoðu Anadolu Bölgesi;Adýyaman;Gölbaþý;6472,1;7910,4;208,7;1107,6;1316,3
Güneydoðu Anadolu Bölgesi;Adýyaman;Samsat;1037,1;1267,6;33,4;177,5;210,9
Güneydoðu Anadolu Bölgesi;Adýyaman;Kahta;16132,5;19717,5;520,3;2760,9;3281,2
Güneydoðu Anadolu Bölgesi;Adýyaman;Merkez;40026,4;48921,2;1290,9;6850,2;8141,1
Güneydoðu Anadolu Bölgesi;Adýyaman;Çelikhan;2110,9;2580;68,1;361,3;429,4
Güneydoðu Anadolu Bölgesi;Adýyaman;Sincik;2288,2;2796,7;73,8;391,6;465,4
Güneydoðu Anadolu Bölgesi;Adýyaman;Tut;1335,2;1631,9;43,1;228,5;271,6
Ege Bölgesi;Afyonkarahisar;Merkez;57096,7;69784,9;1841,4;9771,6;11613
Ege Bölgesi;Afyonkarahisar;Bolvadin;8268,6;10106,1;266,7;1415,1;1681,8
Ege Bölgesi;Afyonkarahisar;Çay;5984,9;7314,9;193;1024,3;1217,3
Ege Bölgesi;Afyonkarahisar;Dinar;9012,8;11015,7;290,7;1542,5;1833,2
Ege Bölgesi;Afyonkarahisar;Dazkýrý;2128,8;2601,9;68,7;364,3;433
Ege Bölgesi;Afyonkarahisar;Emirdað;7205,3;8806,4;232,4;1233,1;1465,5
Ege Bölgesi;Afyonkarahisar;Ýhsaniye;5449,7;6660,8;175,8;932,7;1108,5
Ege Bölgesi;Afyonkarahisar;Çobanlar;2763,3;3377,3;89,1;472,9;562
Ege Bölgesi;Afyonkarahisar;Kýzýlören;469,3;573,6;46037;80,3;46117,3
Ege Bölgesi;Afyonkarahisar;Sandýklý;10704,4;13083,1;345,2;1832;2177,2
Ege Bölgesi;Afyonkarahisar;Baþmakçý;1911,2;2335,9;61,6;327,1;388,7
Ege Bölgesi;Afyonkarahisar;Bayat;1488,6;1819,4;48;254,8;302,8
Ege Bölgesi;Afyonkarahisar;Sultandaðý;2872,4;3510,7;92,6;491,6;584,2
Ege Bölgesi;Afyonkarahisar;Ýscehisar;4674,5;5713,2;150,8;800;950,8
Ege Bölgesi;Afyonkarahisar;Evciler;1443,1;1763,8;46,5;247;293,5
Ege Bölgesi;Afyonkarahisar;Hocalar;1828,5;2234,9;59;312,9;371,9
Ege Bölgesi;Afyonkarahisar;Þuhut;7039,5;8603,8;227;1204,8;1431,8
Ege Bölgesi;Afyonkarahisar;Sinanpaþa;7900,9;9656,7;254,8;1352,2;1607
Doðu Anadolu Bölgesi;Aðrý;Merkez;19603,3;23959,6;632,2;3354,9;3987,1
Doðu Anadolu Bölgesi;Aðrý;Diyadin;5535;6765;178,5;947,3;1125,8
Doðu Anadolu Bölgesi;Aðrý;Doðubeyazýt;15934;19474,8;513,9;2727;3240,9
Doðu Anadolu Bölgesi;Aðrý;Eleþkirt;4491,3;5489,3;144,8;768,6;913,4
Doðu Anadolu Bölgesi;Aðrý;Hamur;2511,7;3069,9;81;429,9;510,9
Doðu Anadolu Bölgesi;Aðrý;Patnos;16140,3;19727;520,5;2762,3;3282,8
Doðu Anadolu Bölgesi;Aðrý;Taþlýçay;2687,1;3284,3;86,7;459,9;546,6
Doðu Anadolu Bölgesi;Aðrý;Tutak;4008,4;4899,1;129,3;686;815,3
Karadeniz Bölgesi;Amasya;Merkez;22038,3;26935,8;710,7;3771,7;4482,4
Karadeniz Bölgesi;Amasya;Göynücek;1582,2;1933,8;51;270,8;321,8
Karadeniz Bölgesi;Amasya;Gümüþhacýköy;3508,5;4288,1;113,1;600,4;713,5
Karadeniz Bölgesi;Amasya;Merzifon;10631;12993,4;342,8;1819,4;2162,2
Karadeniz Bölgesi;Amasya;Suluova;6889,8;8420,9;222,2;1179,1;1401,3
Karadeniz Bölgesi;Amasya;Taþova;4657,7;5692,7;150,2;797,1;947,3
Karadeniz Bölgesi;Amasya;Hamamözü;584,6;714,6;46283;100,1;46383,1
Ýç Anadolu Bölgesi;Ankara;Beypazarý;10149,1;12404,5;327,3;2109,1;2436,4
Ýç Anadolu Bölgesi;Ankara;Ayaþ;3267,1;3993,2;105,4;679;784,4
Ýç Anadolu Bölgesi;Ankara;Bala;7073,3;8645,2;228,1;1469,9;1698
Ýç Anadolu Bölgesi;Ankara;Altýndað;77793,8;95081,4;2508,9;16166,7;18675,6
Ýç Anadolu Bölgesi;Ankara;Çamlýdere;3184,7;3892,4;102,7;661,8;764,5
Ýç Anadolu Bölgesi;Ankara;Çubuk;18721;22881,3;603,8;3890,5;4494,3
Ýç Anadolu Bölgesi;Ankara;Çankaya;193607,9;236631,9;6243,9;40234,7;46478,6
Ýç Anadolu Bölgesi;Ankara;Haymana;9656,5;11802,4;311,4;2006,8;2318,2
Ýç Anadolu Bölgesi;Ankara;Güdül;2118;2588,6;68,3;440,1;508,4
Ýç Anadolu Bölgesi;Ankara;Kalecik;2827,7;3456,1;91,2;587,6;678,8
Ýç Anadolu Bölgesi;Ankara;Kýzýlcahamam;6863,7;8389;221,4;1426,4;1647,8
Ýç Anadolu Bölgesi;Ankara;Nallýhan;5905,9;7218,3;190,5;1227,3;1417,8
Ýç Anadolu Bölgesi;Ankara;Polatlý;25709,6;31422,9;829,1;5342,8;6171,9
Ýç Anadolu Bölgesi;Ankara;Pursaklar;30075,9;36759,4;969,9;6250,2;7220,1
Ýç Anadolu Bölgesi;Ankara;Akyurt;7271,8;8887,7;234,5;1511,2;1745,7
Ýç Anadolu Bölgesi;Ankara;Þ.Koçhisar;7190,6;8788,5;231,9;1494,3;1726,2
Ýç Anadolu Bölgesi;Ankara;Elmadað;9534,2;11652,9;307,5;1981,3;2288,8
Ýç Anadolu Bölgesi;Ankara;Yenimahalle;139511,1;170513,5;4499,2;28992,5;33491,7
Ýç Anadolu Bölgesi;Ankara;Gölbaþý;28251,6;34529,8;911,1;5871,1;6782,2
Ýç Anadolu Bölgesi;Ankara;Keçiören;191273,6;233778,9;6168,6;39749,6;45918,2
Ýç Anadolu Bölgesi;Ankara;Mamak;136078,3;166317,9;4388,5;28279,1;32667,6
Ýç Anadolu Bölgesi;Ankara;Sincan;109092,1;133334,7;3518,2;22671;26189,2
Ýç Anadolu Bölgesi;Ankara;Etimesgut;119989,6;146654;3869,7;24935,7;28805,4
Ýç Anadolu Bölgesi;Ankara;Kazan;11252,5;13753;362,9;2338,4;2701,3
Ýç Anadolu Bölgesi;Ankara;Evren;758,1;926,6;46136;157,5;46293,5
Akdeniz Bölgesi;Antalya;Akseki;2149;2626,6;69,3;446,6;515,9
Akdeniz Bölgesi;Antalya;Alanya;51298,4;62698;1654,4;10660,6;12315
Akdeniz Bölgesi;Antalya;Elmalý;6447,5;7880,2;207,9;1339,9;1547,8
Akdeniz Bölgesi;Antalya;Finike;7905,5;9662,3;255;1642,9;1897,9
Akdeniz Bölgesi;Antalya;Gazipaþa;8213;10038,1;264,9;1706,8;1971,7
Akdeniz Bölgesi;Antalya;Gündoðmuþ;1433,2;1751,7;46,2;297,9;344,1
Akdeniz Bölgesi;Antalya;Korkuteli;9150,7;11184,2;295,1;1901,7;2196,8
Akdeniz Bölgesi;Antalya;Kaþ;9625,1;11764;310,4;2000,2;2310,6
Akdeniz Bölgesi;Antalya;Manavgat;37875,6;46292,3;1221,5;7871,1;9092,6
Akdeniz Bölgesi;Antalya;Kumluca;11269,2;13773,5;363,4;2341,9;2705,3
Akdeniz Bölgesi;Antalya;Kemer;7099,9;8677,6;229;1475,5;1704,5
Akdeniz Bölgesi;Antalya;Aksu;11767,4;14382,3;379,5;2445,4;2824,9
Akdeniz Bölgesi;Antalya;Serik;20422;24960,3;658,6;4244;4902,6
Akdeniz Bölgesi;Antalya;Demre;4252,9;5198;137,2;883,8;1021
Akdeniz Bölgesi;Antalya;Döþemealtý;10378,3;12684,6;334,7;2156,8;2491,5
Akdeniz Bölgesi;Antalya;Kepez;87318,4;106722,5;2816;18146,1;20962,1
Akdeniz Bölgesi;Antalya;Konyaaltý;29911,9;36559;964,7;6216,1;7180,8
Akdeniz Bölgesi;Antalya;Muratpaþa;81416,8;99509,4;2625,7;16919,6;19545,3
Akdeniz Bölgesi;Antalya;Ýbradý;594,3;726,3;46072;123,5;46195,5
Karadeniz Bölgesi;Artvin;Ardanuç;1782,2;2178,2;57,5;305;362,5
Karadeniz Bölgesi;Artvin;Arhavi;3104,8;3794,7;100,1;531,4;631,5
Karadeniz Bölgesi;Artvin;Borçka;3769,5;4607,2;121,6;645,1;766,7
Karadeniz Bölgesi;Artvin;Hopa;3810,2;4656,9;122,9;652,1;775
Karadeniz Bölgesi;Artvin;Þavþat;2602,6;3181;83,9;445,4;529,3
Karadeniz Bölgesi;Artvin;Murgul;984,2;1202,9;46234;168,4;46402,4
Karadeniz Bölgesi;Artvin;Merkez;5185,8;6338,3;167,2;887,5;1054,7
Karadeniz Bölgesi;Artvin;Yusufeli;3073,9;3757;99,1;526,1;625,2
Karadeniz Bölgesi;Artvin;Kemalpaþa;1409,8;1723,1;45,5;241,3;286,8
Ege Bölgesi;Aydýn;Çine;9480,8;11587,6;305,8;1970,2;2276
Ege Bölgesi;Aydýn;Bozdoðan;6448,1;7881;208;1340;1548
Ege Bölgesi;Aydýn;Germencik;8366,7;10226;269,8;1738,7;2008,5
Ege Bölgesi;Aydýn;Koçarlý;4518,6;5522,7;145,7;939;1084,7
Ege Bölgesi;Aydýn;Karacasu;3564,1;4356,1;114,9;740,7;855,6
Ege Bölgesi;Aydýn;Nazilli;29865,2;36501,9;963,2;6206,4;7169,6
Ege Bölgesi;Aydýn;Kuþadasý;21640,4;26449,4;697,9;4497,2;5195,1
Ege Bölgesi;Aydýn;Kuyucak;5139,5;6281,7;165,8;1068,1;1233,9
Ege Bölgesi;Aydýn;Karpuzlu;2117,4;2587,9;68,3;440;508,3
Ege Bölgesi;Aydýn;Köþk;5242,8;6407,9;169,1;1089,5;1258,6
Ege Bölgesi;Aydýn;Buharkent;2417,4;2954,7;78;502,4;580,4
Ege Bölgesi;Aydýn;Söke;22904,9;27994,9;738,7;4760;5498,7
Ege Bölgesi;Aydýn;Sultanhisar;3912,2;4781,5;126,2;813;939,2
Ege Bölgesi;Aydýn;Yenipazar;2402,2;2936;77,5;499,2;576,7
Ege Bölgesi;Aydýn;Ýncirliova;9817,2;11998,9;316,6;2040,2;2356,8
Ege Bölgesi;Aydýn;Didim;16205,5;19806,8;522,6;3367,8;3890,4
Ege Bölgesi;Aydýn;Efeler;55110,4;67357,2;1777,3;11452,8;13230,1
Marmara Bölgesi;Balýkesir;Bigadiç;9505;11617,2;306,5;1975,3;2281,8
Marmara Bölgesi;Balýkesir;Ayvalýk;13539,6;16548,4;436,7;2813,7;3250,4
Marmara Bölgesi;Balýkesir;Balya;2503,8;3060,1;80,7;520,3;601
Marmara Bölgesi;Balýkesir;Bandýrma;29410;35945,6;948,5;6111,8;7060,3
Marmara Bölgesi;Balýkesir;Burhaniye;11584;14158,3;373,6;2407,3;2780,9
Marmara Bölgesi;Balýkesir;Dursunbey;6835,3;8354,2;220,4;1420,5;1640,9
Marmara Bölgesi;Balýkesir;Erdek;6280,4;7676,1;202,5;1305,2;1507,7
Marmara Bölgesi;Balýkesir;Edremit;29434,4;35975,4;949,3;6116,9;7066,2
Marmara Bölgesi;Balýkesir;Gönen;14066,6;17192,6;453,6;2923,3;3376,9
Marmara Bölgesi;Balýkesir;Havran;5285,5;6460;170,5;1098,4;1268,9
Marmara Bölgesi;Balýkesir;Ývrindi;6241,4;7628,4;201,3;1297,1;1498,4
Marmara Bölgesi;Balýkesir;Kepsut;4405,6;5384,7;142,1;915,6;1057,7
Marmara Bölgesi;Balýkesir;Manyas;3684,7;4503,5;118,8;765,7;884,5
Marmara Bölgesi;Balýkesir;Susurluk;7441,7;9095,4;240;1546,5;1786,5
Marmara Bölgesi;Balýkesir;Sýndýrgý;6463,5;7899,9;208,4;1343,2;1551,6
Marmara Bölgesi;Balýkesir;Gömeç;2647,2;3235,5;85,4;550,1;635,5
Marmara Bölgesi;Balýkesir;Savaþtepe;3475,8;4248,2;112,1;722,3;834,4
Marmara Bölgesi;Balýkesir;Marmara;1880,5;2298,4;60,6;390,8;451,4
Marmara Bölgesi;Balýkesir;Altýeylül;34525,8;42198,1;1113,5;7175;8288,5
Marmara Bölgesi;Balýkesir;Karesi;34488,4;42152,5;1112,3;7167,2;8279,5
Marmara Bölgesi;Bilecik;Merkez;15570,7;19030,8;502,2;2664,8;3167
Marmara Bölgesi;Bilecik;Bozüyük;14183,2;17335,1;457,4;2427,3;2884,7
Marmara Bölgesi;Bilecik;Gölpazarý;2017,9;2466,3;65,1;345,3;410,4
Marmara Bölgesi;Bilecik;Pazaryeri;2005,7;2451,4;64,7;343,3;408
Marmara Bölgesi;Bilecik;Osmaneli;3996,6;4884,7;128,9;684;812,9
Marmara Bölgesi;Bilecik;Söðüt;3666,6;4481,4;118,2;627,5;745,7
Marmara Bölgesi;Bilecik;Yenipazar;564,9;690,5;46071;96,7;46167,7
Marmara Bölgesi;Bilecik;Ýnhisar;568;694,2;46099;97,2;46196,2
Doðu Anadolu Bölgesi;Bingöl;Merkez;21045,7;25722,5;678,7;3601,8;4280,5
Doðu Anadolu Bölgesi;Bingöl;Karlýova;3896;4761,8;125,6;666,8;792,4
Doðu Anadolu Bölgesi;Bingöl;Kiðý;658,7;805,1;46074;112,7;46186,7
Doðu Anadolu Bölgesi;Bingöl;Yayladere;281,1;343,5;46031;48,1;46079,1
Doðu Anadolu Bölgesi;Bingöl;Genç;5049,4;6171,5;162,8;864,2;1027
Doðu Anadolu Bölgesi;Bingöl;Adaklý;1224;1496;39,5;209,5;249
Doðu Anadolu Bölgesi;Bingöl;Solhan;4417,4;5399,1;142,5;756;898,5
Doðu Anadolu Bölgesi;Bingöl;Yedisu;378;462;46065;64,7;46129,7
Doðu Anadolu Bölgesi;Bitlis;Ahlat;5361,9;6553,4;172,9;917,6;1090,5
Doðu Anadolu Bölgesi;Bitlis;Adilcevaz;3991,4;4878,4;128,7;683,1;811,8
Doðu Anadolu Bölgesi;Bitlis;Merkez;9395,2;11483,1;303;1607,9;1910,9
Doðu Anadolu Bölgesi;Bitlis;Hizan;4492;5490,3;144,9;768,8;913,7
Doðu Anadolu Bölgesi;Bitlis;Mutki;4216,6;5153,7;136;721,6;857,6
Doðu Anadolu Bölgesi;Bitlis;Tatvan;12180,1;14886,8;392,8;2084,5;2477,3
Doðu Anadolu Bölgesi;Bitlis;Güroymak;6273,3;7667,4;202,3;1073,6;1275,9
Karadeniz Bölgesi;Bolu;Merkez;30381,7;37133,2;979,8;5199,6;6179,4
Karadeniz Bölgesi;Bolu;Gerede;5067;6193;163,4;867,2;1030,6
Karadeniz Bölgesi;Bolu;Göynük;2279,9;2786,6;73,5;390,2;463,7
Karadeniz Bölgesi;Bolu;Mudurnu;2857;3491,9;92,1;489;581,1
Karadeniz Bölgesi;Bolu;Dörtdivan;1055,3;1289,8;34;180,6;214,6
Karadeniz Bölgesi;Bolu;Mengen;2122;2593,6;68,4;363,2;431,6
Karadeniz Bölgesi;Bolu;Kýbrýscýk;476;581,8;46127;81,5;46208,5
Karadeniz Bölgesi;Bolu;Seben;776,1;948,5;25;132,8;157,8
Karadeniz Bölgesi;Bolu;Yeniçaða;1078,2;1317,8;34,8;184,5;219,3
Akdeniz Bölgesi;Burdur;Aðlasun;1262;1542,4;40,7;216;256,7
Akdeniz Bölgesi;Burdur;Merkez;16715,6;20430,2;539,1;2860,7;3399,8
Akdeniz Bölgesi;Burdur;Bucak;9600,2;11733,6;309,6;1643;1952,6
Akdeniz Bölgesi;Burdur;Gölhisar;3328,9;4068,6;107,4;569,7;677,1
Akdeniz Bölgesi;Burdur;Altýnyayla;826,5;1010,2;46229;141,4;46370,4
Akdeniz Bölgesi;Burdur;Yeþilova;2284,9;2792,7;73,7;391;464,7
Akdeniz Bölgesi;Burdur;Çavdýr;1933,1;2362,7;62,3;330,8;393,1
Akdeniz Bölgesi;Burdur;Tefenni;1508;1843,1;48,6;258,1;306,7
Akdeniz Bölgesi;Burdur;Çeltikçi;774,2;946,2;25;132,5;157,5
Akdeniz Bölgesi;Burdur;Karamanlý;1183,5;1446,5;38,2;202,5;240,7
Akdeniz Bölgesi;Burdur;Kemer;485;592,8;46188;83;46271
Marmara Bölgesi;Bursa;Gemlik;22706,8;27752,7;732,3;4718,8;5451,1
Marmara Bölgesi;Bursa;Ýnegöl;54615,1;66751,8;1761,3;11349,9;13111,2
Marmara Bölgesi;Bursa;Ýznik;8825;10786,1;284,6;1834;2118,6
Marmara Bölgesi;Bursa;Keles;2516,3;3075,5;81,2;522,9;604,1
Marmara Bölgesi;Bursa;Karacabey;16928;20689,8;545,9;3517,9;4063,8
Marmara Bölgesi;Bursa;Orhaneli;3969,9;4852,1;128;825;953
Marmara Bölgesi;Bursa;Orhangazi;15977,3;19527,8;515,3;3320,3;3835,6
Marmara Bölgesi;Bursa;Mudanya;19085,3;23326,5;615,5;3966,2;4581,7
Marmara Bölgesi;Bursa;M.Kemalpaþa;20508,8;25066,3;661,4;4262;4923,4
Marmara Bölgesi;Bursa;Kestel;13290,7;16244,2;428,6;2762;3190,6
Marmara Bölgesi;Bursa;Büyükorhan;2045,3;2499,8;66;425;491
Marmara Bölgesi;Bursa;Yýldýrým;132997,3;162552,3;4289,2;27638,9;31928,1
Marmara Bölgesi;Bursa;Yeniþehir;10937,9;13368,5;352,7;2273,1;2625,8
Marmara Bölgesi;Bursa;Harmancýk;1339,3;1637;43,2;278,3;321,5
Marmara Bölgesi;Bursa;Nilüfer;89879,4;109852,6;2898,6;18678,3;21576,9
Marmara Bölgesi;Bursa;Osmangazi;175668,6;214706,1;5665,3;36506,6;42171,9
Marmara Bölgesi;Bursa;Gürsu;18603;22737;599,9;3866;4465,9
Marmara Bölgesi;Çanakkale;Biga;17257,4;21092,4;556,6;2953,5;3510,1
Marmara Bölgesi;Çanakkale;Ayvacýk;6395,7;7817;206,3;1094,6;1300,9
Marmara Bölgesi;Çanakkale;Bayramiç;5661,8;6920;182,6;969;1151,6
Marmara Bölgesi;Çanakkale;Çan;9186,4;11227,8;296,3;1572,2;1868,5
Marmara Bölgesi;Çanakkale;Merkez;34452,2;42108,3;1111,1;5896,2;7007,3
Marmara Bölgesi;Çanakkale;Bozcaada;576;704;46191;98,6;46289,6
Marmara Bölgesi;Çanakkale;Ezine;6097,5;7452,5;196,6;1043,5;1240,1
Marmara Bölgesi;Çanakkale;Eceabat;1698;2075,3;54,8;290,6;345,4
Marmara Bölgesi;Çanakkale;Gelibolu;8537,5;10434,7;275,3;1461,1;1736,4
Marmara Bölgesi;Çanakkale;Gökçeada;1864;2278,2;60,1;319;379,1
Marmara Bölgesi;Çanakkale;Lapseki;5206,6;6363,6;167,9;891,1;1059
Marmara Bölgesi;Çanakkale;Yenice;6079,2;7430,2;196,1;1040,4;1236,5
Ýç Anadolu Bölgesi;Çankýrý;Çerkeþ;2763,4;3377,5;89,1;472,9;562
Ýç Anadolu Bölgesi;Çankýrý;Eldivan;1121,7;1371;36,2;192;228,2
Ýç Anadolu Bölgesi;Çankýrý;Ilgaz;2201,3;2690,4;71;376,7;447,7
Ýç Anadolu Bölgesi;Çankýrý;Orta;3021,4;3692,8;97,4;517,1;614,5
Ýç Anadolu Bölgesi;Çankýrý;Kurþunlu;1523,6;1862,2;49,1;260,8;309,9
Ýç Anadolu Bölgesi;Çankýrý;Korgun;837,6;1023,7;27;143,3;170,3
Ýç Anadolu Bölgesi;Çankýrý;Merkez;14194,9;17349,3;457,8;2429,3;2887,1
Ýç Anadolu Bölgesi;Çankýrý;Yapraklý;1327,6;1622,6;42,8;227,2;270
Ýç Anadolu Bölgesi;Çankýrý;Þabanözü;2081,4;2543,9;67,1;356,2;423,3
Ýç Anadolu Bölgesi;Çankýrý;Bayramören;629,4;769,3;46101;107,7;46208,7
Ýç Anadolu Bölgesi;Çankýrý;Atkaracalar;1066,3;1303,2;34,4;182,5;216,9
Ýç Anadolu Bölgesi;Çankýrý;Kýzýlýrmak;1215,1;1485,1;39,2;208;247,2
Karadeniz Bölgesi;Çorum;Alaca;4650,6;5684;150;795,9;945,9
Karadeniz Bölgesi;Çorum;Bayat;2442,8;2985,7;78,8;418,1;496,9
Karadeniz Bölgesi;Çorum;Merkez;43579,8;53264,3;1405,4;7458,3;8863,7
Karadeniz Bölgesi;Çorum;Ýskilip;4811,1;5880,2;155,2;823,4;978,6
Karadeniz Bölgesi;Çorum;Mecitözü;2314,2;2828,5;74,6;396,1;470,7
Karadeniz Bölgesi;Çorum;Ortaköy;1285,5;1571,1;41,5;220;261,5
Karadeniz Bölgesi;Çorum;Osmancýk;6353,5;7765,4;204,9;1087,4;1292,3
Karadeniz Bölgesi;Çorum;Dodurga;941,3;1150,5;46142;161,1;46303,1
Karadeniz Bölgesi;Çorum;Uðurludað;1219,9;1490,9;39,3;208,8;248,1
Karadeniz Bölgesi;Çorum;Sungurlu;7255,5;8867,9;234;1241,7;1475,7
Karadeniz Bölgesi;Çorum;Kargý;2318,5;2833,7;74,8;396,8;471,6
Karadeniz Bölgesi;Çorum;Boðazkale;617,2;754,3;46284;105,6;46389,6
Karadeniz Bölgesi;Çorum;Oðuzlar;810,5;990,6;46048;138,7;46186,7
Karadeniz Bölgesi;Çorum;Laçin;705,1;861,8;46225;120,7;46345,7
Ege Bölgesi;Denizli;Acýpayam;10602,6;12958,7;341,9;2203,4;2545,3
Ege Bölgesi;Denizli;Çal;3669,4;4484,8;118,3;762,6;880,9
Ege Bölgesi;Denizli;Çameli;3478,3;4251,3;112,2;722,8;835
Ege Bölgesi;Denizli;Çardak;1742,2;2129,4;56,2;362,1;418,3
Ege Bölgesi;Denizli;Buldan;5190,2;6343,6;167,4;1078,6;1246
Ege Bölgesi;Denizli;Güney;1900,5;2322,9;61,3;395;456,3
Ege Bölgesi;Denizli;Kale;3885,5;4748,9;125,3;807,5;932,8
Ege Bölgesi;Denizli;Sarayköy;5862,2;7164,9;189,1;1218,3;1407,4
Ege Bölgesi;Denizli;Serinhisar;2749,3;3360,3;88,7;571,4;660,1
Ege Bölgesi;Denizli;Çivril;11513,5;14072,1;371,3;2392,7;2764
Ege Bölgesi;Denizli;Bekilli;1346,1;1645,2;43,4;279,7;323,1
Ege Bölgesi;Denizli;Baklan;1077,3;1316,6;34,7;223,9;258,6
Ege Bölgesi;Denizli;Honaz;6322,5;7727,6;203,9;1313,9;1517,8
Ege Bölgesi;Denizli;Tavas;8353,8;10210,2;269,4;1736;2005,4
Ege Bölgesi;Denizli;Babadað;1242,6;1518,8;40,1;258,2;298,3
Ege Bölgesi;Denizli;Beyaðaç;1315,2;1607,5;42,4;273,3;315,7
Ege Bölgesi;Denizli;Bozkurt;2436,5;2977,9;78,6;506,3;584,9
Ege Bölgesi;Denizli;Pamukkale;65554,7;80122,4;2114,1;13623,3;15737,4
Ege Bölgesi;Denizli;Merkezefendi;57580,6;70376,3;1857;11966,1;13823,1
Güneydoðu Anadolu Bölgesi;Diyarbakýr;Çermik;8345,9;10200,5;269,2;1734,4;2003,6
Güneydoðu Anadolu Bölgesi;Diyarbakýr;Çýnar;12188,5;14897,1;393,1;2533;2926,1
Güneydoðu Anadolu Bölgesi;Diyarbakýr;Çüngüþ;1959;2394,3;63,2;407,1;470,3
Güneydoðu Anadolu Bölgesi;Diyarbakýr;Bismil;19328;23623,1;623,3;4016,6;4639,9
Güneydoðu Anadolu Bölgesi;Diyarbakýr;Dicle;6277,6;7672,7;202,5;1304,6;1507,1
Güneydoðu Anadolu Bölgesi;Diyarbakýr;Ergani;21369,7;26118,6;689,2;4441;5130,2
Güneydoðu Anadolu Bölgesi;Diyarbakýr;Hazro;2781,6;3399,7;89,7;578,1;667,8
Güneydoðu Anadolu Bölgesi;Diyarbakýr;Hani;5436,7;6644,8;175,3;1129,8;1305,1
Güneydoðu Anadolu Bölgesi;Diyarbakýr;Kulp;6018,1;7355,5;194,1;1250,7;1444,8
Güneydoðu Anadolu Bölgesi;Diyarbakýr;Lice;4297,3;5252,2;138,6;893;1031,6
Güneydoðu Anadolu Bölgesi;Diyarbakýr;Kocaköy;2739,5;3348,3;88,3;569,3;657,6
Güneydoðu Anadolu Bölgesi;Diyarbakýr;Silvan;14235,9;17399,4;459,1;2958,4;3417,5
Güneydoðu Anadolu Bölgesi;Diyarbakýr;Eðil;3838,4;4691,3;123,8;797,7;921,5
Güneydoðu Anadolu Bölgesi;Diyarbakýr;Baðlar;63792,6;77968,7;2057,3;13257,1;15314,4
Güneydoðu Anadolu Bölgesi;Diyarbakýr;Kayapýnar;59525,3;72753,2;1919,7;12370,3;14290
Güneydoðu Anadolu Bölgesi;Diyarbakýr;Sur;18446,3;22545,4;594,9;3833,4;4428,3
Güneydoðu Anadolu Bölgesi;Diyarbakýr;Yeniþehir;33965,8;41513,7;1095,4;7058,6;8154
Marmara Bölgesi;Edirne;Enez;1609,2;1966,8;51,9;275,4;327,3
Marmara Bölgesi;Edirne;Merkez;34357,7;41992,7;1108;5880;6988
Marmara Bölgesi;Edirne;Havsa;3610;4412,2;116,4;617,8;734,2
Marmara Bölgesi;Edirne;Ýpsala;5239,2;6403,5;169;896,6;1065,6
Marmara Bölgesi;Edirne;Keþan;16088,7;19664;518,9;2753,5;3272,4
Marmara Bölgesi;Edirne;Lalapaþa;1272,7;1555,6;41;217,8;258,8
Marmara Bölgesi;Edirne;Meriç;2705,7;3307;87,3;463,1;550,4
Marmara Bölgesi;Edirne;Uzunköprü;11714,7;14318;377,8;2004,9;2382,7
Marmara Bölgesi;Edirne;Süleoðlu;1345,5;1644,5;43,4;230,3;273,7
Doðu Anadolu Bölgesi;Elazýð;Aðýn;364,8;445,8;46245;62,4;46307,4
Doðu Anadolu Bölgesi;Elazýð;Baskil;2694,4;3293,1;86,9;461,1;548
Doðu Anadolu Bölgesi;Elazýð;Merkez;55414,8;67729,2;1787,1;9483,8;11270,9
Doðu Anadolu Bölgesi;Elazýð;Keban;1104,9;1350,5;35,6;189,1;224,7
Doðu Anadolu Bölgesi;Elazýð;Karakoçan;3771,4;4609,5;121,6;645,5;767,1
Doðu Anadolu Bölgesi;Elazýð;Maden;2182,3;2667,2;70,4;373,5;443,9
Doðu Anadolu Bölgesi;Elazýð;Palu;3131,8;3827,7;101;536;637
Doðu Anadolu Bölgesi;Elazýð;Alacakaya;862,8;1054,5;46261;147,7;46408,7
Doðu Anadolu Bölgesi;Elazýð;Kovancýlar;5094,9;6227,1;164,3;872;1036,3
Doðu Anadolu Bölgesi;Elazýð;Arýcak;2237,5;2734,7;72,2;382,9;455,1
Doðu Anadolu Bölgesi;Elazýð;Sivrice;1407,3;1720;45,4;240,8;286,2
Doðu Anadolu Bölgesi;Erzincan;Çayýrlý;1186,8;1450,5;38,3;203,1;241,4
Doðu Anadolu Bölgesi;Erzincan;Ýliç;1172,4;1432,9;37,8;200,6;238,4
Doðu Anadolu Bölgesi;Erzincan;Kemah;1073,1;1311,6;34,6;183,7;218,3
Doðu Anadolu Bölgesi;Erzincan;Kemaliye;729,9;892,1;46165;124,9;46289,9
Doðu Anadolu Bölgesi;Erzincan;Refahiye;1636,7;2000,4;52,8;280,1;332,9
Doðu Anadolu Bölgesi;Erzincan;Üzümlü;1890,8;2311;61;323,6;384,6
Doðu Anadolu Bölgesi;Erzincan;Merkez;20689,2;25286,8;667,2;3540,8;4208
Doðu Anadolu Bölgesi;Erzincan;Otlukbeli;320,2;391,4;46091;54,8;46145,8
Doðu Anadolu Bölgesi;Erzincan;Tercan;2315,7;2830,3;74,7;396,3;471
Doðu Anadolu Bölgesi;Erzurum;Aþkale;3874,5;4735,5;125;805,2;930,2
Doðu Anadolu Bölgesi;Erzurum;Çat;2856,1;3490,8;92,1;593,5;685,6
Doðu Anadolu Bölgesi;Erzurum;Ýspir;2611,2;3191,5;84,2;542,7;626,9
Doðu Anadolu Bölgesi;Erzurum;Hýnýs;4412,6;5393,1;142,3;917;1059,3
Doðu Anadolu Bölgesi;Erzurum;Horasan;6478,8;7918,6;208,9;1346,4;1555,3
Doðu Anadolu Bölgesi;Erzurum;Karayazý;4681,5;5721,8;151;972,9;1123,9
Doðu Anadolu Bölgesi;Erzurum;Oltu;5086,2;6216,4;164;1057;1221
Doðu Anadolu Bölgesi;Erzurum;Olur;1102,9;1348;35,6;229,2;264,8
Doðu Anadolu Bölgesi;Erzurum;Narman;2197,8;2686,2;70,9;456,7;527,6
Doðu Anadolu Bölgesi;Erzurum;Pasinler;4756,8;5813,9;153,4;988,5;1141,9
Doðu Anadolu Bölgesi;Erzurum;Köprüköy;2657,2;3247,7;85,7;552,2;637,9
Doðu Anadolu Bölgesi;Erzurum;Aziziye(Ilýca);10231;12504,5;329,9;2126,2;2456,1
Doðu Anadolu Bölgesi;Erzurum;Þenkaya;3002,7;3669,9;96,8;624;720,8
Doðu Anadolu Bölgesi;Erzurum;Pazaryolu;739,3;903,6;46257;153,6;46410,6
Doðu Anadolu Bölgesi;Erzurum;Uzundere;1436,2;1755,4;46,3;298,5;344,8
Doðu Anadolu Bölgesi;Erzurum;Tekman;4265,4;5213,3;137,6;886,4;1024
Doðu Anadolu Bölgesi;Erzurum;Karaçoban;3818,2;4666,6;123,1;793,5;916,6
Doðu Anadolu Bölgesi;Erzurum;Palandöken;27700,9;33856,7;893,4;5756,7;6650,1
Doðu Anadolu Bölgesi;Erzurum;Yakutiye;31408,5;38388,2;1012,9;6527,2;7540,1
Doðu Anadolu Bölgesi;Erzurum;Tortum;2801,1;3423,6;90,3;582,1;672,4
Ýç Anadolu Bölgesi;Eskiþehir;Çifteler;2331,1;2849,1;75,2;484,4;559,6
Ýç Anadolu Bölgesi;Eskiþehir;Mahmudiye;1234,9;1509,3;39,8;256,6;296,4
Ýç Anadolu Bölgesi;Eskiþehir;Mihalýçcýk;1316,4;1608,9;42,5;273,6;316,1
Ýç Anadolu Bölgesi;Eskiþehir;Sarýcakaya;784,3;958,6;46106;163;46269
Ýç Anadolu Bölgesi;Eskiþehir;Sivrihisar;3203,1;3914,9;103,3;665,6;768,9
Ýç Anadolu Bölgesi;Eskiþehir;Beylikova;1073,5;1312,1;34,6;223,1;257,7
Ýç Anadolu Bölgesi;Eskiþehir;Günyüzü;946;1156,2;46172;196,6;46368,6
Ýç Anadolu Bölgesi;Eskiþehir;Ýnönü;1049,4;1282,6;33,8;218,1;251,9
Ýç Anadolu Bölgesi;Eskiþehir;Han;350,8;428,7;46092;72,9;46164,9
Ýç Anadolu Bölgesi;Eskiþehir;Seyitgazi;2069,7;2529,6;66,7;430,1;496,8
Ýç Anadolu Bölgesi;Eskiþehir;Alpu;1735,7;2121,4;56;360,7;416,7
Ýç Anadolu Bölgesi;Eskiþehir;Mihalgazi;520,8;636,5;46250;108,2;46358,2
Ýç Anadolu Bölgesi;Eskiþehir;Odunpazarý;62416,8;76287,2;2012,9;12971,2;14984,1
Ýç Anadolu Bölgesi;Eskiþehir;Tepebaþý;55474,6;67802,3;1789,1;11528,5;13317,6
Güneydoðu Anadolu Bölgesi;Gaziantep;Araban;5071,3;6198,2;163,5;1053,9;1217,4
Güneydoðu Anadolu Bölgesi;Gaziantep;Ýslahiye;10448,5;12770,4;337;2171,4;2508,4
Güneydoðu Anadolu Bölgesi;Gaziantep;Nizip;21984,1;26869,5;709;4568,6;5277,6
Güneydoðu Anadolu Bölgesi;Gaziantep;Oðuzeli;5041,5;6161,8;162,6;1047,7;1210,3
Güneydoðu Anadolu Bölgesi;Gaziantep;Þahinbey;139888,5;170974,8;4511,4;29071;33582,4
Güneydoðu Anadolu Bölgesi;Gaziantep;Yavuzeli;3426,3;4187,7;110,5;712;822,5
Güneydoðu Anadolu Bölgesi;Gaziantep;Þehitkamil;119529,4;146091,4;3854,8;24840;28694,8
Güneydoðu Anadolu Bölgesi;Gaziantep;Nurdaðý;6199,1;7576,7;199,9;1288,3;1488,2
Güneydoðu Anadolu Bölgesi;Gaziantep;Kargamýþ;1611,3;1969,3;52;334,8;386,8
Karadeniz Bölgesi;Giresun;Bulancak;9865,2;12057,5;318,2;1688,4;2006,6
Karadeniz Bölgesi;Giresun;Espiye;5113,6;6249,9;164,9;875,1;1040
Karadeniz Bölgesi;Giresun;Eynesil;2062,9;2521,3;66,5;353;419,5
Karadeniz Bölgesi;Giresun;Dereli;3016,4;3686,7;97,3;516,2;613,5
Karadeniz Bölgesi;Giresun;Merkez;20092,4;24557,3;648;3438,6;4086,6
Karadeniz Bölgesi;Giresun;Görele;4953,6;6054,4;159,8;847,8;1007,6
Karadeniz Bölgesi;Giresun;Keþap;3047,6;3724,8;98,3;521,6;619,9
Karadeniz Bölgesi;Giresun;Alucra;1810,9;2213,3;58,4;309,9;368,3
Karadeniz Bölgesi;Giresun;Doðankent;988,9;1208,7;31,9;169,3;201,2
Karadeniz Bölgesi;Giresun;Yaðlýdere;2477,3;3027,8;79,9;424;503,9
Karadeniz Bölgesi;Giresun;Þ.Karahisar;3224,7;3941,2;104;551,9;655,9
Karadeniz Bölgesi;Giresun;Çanakçý;950,7;1161,9;46233;162,7;46395,7
Karadeniz Bölgesi;Giresun;Güce;1154,4;1410,9;37,2;197,6;234,8
Karadeniz Bölgesi;Giresun;Piraziz;2167;2648,5;69,9;370,9;440,8
Karadeniz Bölgesi;Giresun;Tirebolu;4731,6;5783;152,6;809,8;962,4
Karadeniz Bölgesi;Giresun;Çamoluk;1442,6;1763,2;46,5;246,9;293,4
Karadeniz Bölgesi;Gümüþhane;Merkez;8465,8;10347,1;273;1448,9;1721,9
Karadeniz Bölgesi;Gümüþhane;Kelkit;7079,5;8652,7;228,3;1211,6;1439,9
Karadeniz Bölgesi;Gümüþhane;Torul;2035,7;2488,1;65,7;348,4;414,1
Karadeniz Bölgesi;Gümüþhane;Þiran;2968,9;3628,7;95,7;508,1;603,8
Karadeniz Bölgesi;Gümüþhane;Kürtün;2120,7;2592;68,4;362,9;431,3
Karadeniz Bölgesi;Gümüþhane;Köse;1387,6;1696;44,8;237,5;282,3
Doðu Anadolu Bölgesi;Hakkari;Çukurca;2262,2;2764,9;73;387,2;460,2
Doðu Anadolu Bölgesi;Hakkari;Merkez;10699,1;13076,7;345;1831,1;2176,1
Doðu Anadolu Bölgesi;Hakkari;Þemdinli;5928,4;7245,8;191,2;1014,6;1205,8
Doðu Anadolu Bölgesi;Hakkari;Yüksekova;15736,5;19233,5;507,5;2693,2;3200,7
Doðu Anadolu Bölgesi;Hakkari;Derecik;0;0;0;0;0
Akdeniz Bölgesi;Hatay;Altýnözü;9033;11040,3;291,3;1877,2;2168,5
Akdeniz Bölgesi;Hatay;Dörtyol;18314,2;22384;590,6;3806;4396,6
Akdeniz Bölgesi;Hatay;Ýskenderun;36710,1;44867,9;1183,9;7628,9;8812,8
Akdeniz Bölgesi;Hatay;Hassa;8338,7;10191,7;268,9;1732,9;2001,8
Akdeniz Bölgesi;Hatay;Kýrýkhan;17028,8;20813;549,2;3538,9;4088,1
Akdeniz Bölgesi;Hatay;Reyhanlý;14565,8;17802,6;469,7;3027;3496,7
Akdeniz Bölgesi;Hatay;Samandað;17902,9;21881,4;577,4;3720,5;4297,9
Akdeniz Bölgesi;Hatay;Erzin;6115,2;7474,2;197,2;1270,8;1468
Akdeniz Bölgesi;Hatay;Yayladaðý;5241,9;6406,7;169,1;1089,3;1258,4
Akdeniz Bölgesi;Hatay;Belen;4958,1;6059,8;159,9;1030,4;1190,3
Akdeniz Bölgesi;Hatay;Kumlu;2104;2571,5;67,9;437,2;505,1
Akdeniz Bölgesi;Hatay;Antakya;55847,3;68257,8;1801,1;11605,9;13407
Akdeniz Bölgesi;Hatay;Arsuz;13371,7;16343,1;431,2;2778,8;3210
Akdeniz Bölgesi;Hatay;Defne;22324,1;27285;720;4639,3;5359,3
Akdeniz Bölgesi;Hatay;Payas;6121,3;7481,6;197,4;1272,1;1469,5
Akdeniz Bölgesi;Isparta;Atabey;809,6;989,6;46048;138,6;46186,6
Akdeniz Bölgesi;Isparta;Eðirdir;4794,9;5860,4;154,6;820,6;975,2
Akdeniz Bölgesi;Isparta;Gelendost;2278,6;2784,9;73,5;390;463,5
Akdeniz Bölgesi;Isparta;Keçiborlu;2126,2;2598,6;68,6;363,9;432,5
Akdeniz Bölgesi;Isparta;Merkez;38194,3;46681,9;1231,8;6536,6;7768,4
Akdeniz Bölgesi;Isparta;Yalvaç;6895,4;8427,8;222,4;1180,1;1402,5
Akdeniz Bölgesi;Isparta;Sütçüler;1582,8;1934,5;51;270,9;321,9
Akdeniz Bölgesi;Isparta;Uluborlu;944,3;1154,2;46172;161,6;46333,6
Akdeniz Bölgesi;Isparta;Þarkikaraaðaç;3781,1;4621,3;121,9;647,1;769
Akdeniz Bölgesi;Isparta;Gönen;1088,6;1330,5;35,1;186,3;221,4
Akdeniz Bölgesi;Isparta;Senirkent;1746;2134;56,3;298,8;355,1
Akdeniz Bölgesi;Isparta;Yeniþarbademli;340;415,6;11;58,2;69,2
Akdeniz Bölgesi;Isparta;Aksu;670,1;819;46194;114,7;46308,7
Akdeniz Bölgesi;Mersin;Anamur;10827,4;13233,4;349,2;2250,1;2599,3
Akdeniz Bölgesi;Mersin;Erdemli;23049,4;28171,4;743,3;4790;5533,3
Akdeniz Bölgesi;Mersin;Gülnar;4248,3;5192,4;137;882,9;1019,9
Akdeniz Bölgesi;Mersin;Mut;10323,6;12617,7;332,9;2145,4;2478,3
Akdeniz Bölgesi;Mersin;Bozyazý;4408,5;5388,1;142,2;916,1;1058,3
Akdeniz Bölgesi;Mersin;Akdeniz;43463,5;53122,1;1401,7;9032,4;10434,1
Akdeniz Bölgesi;Mersin;Mezitli;31867,6;38949,3;1027,7;6622,6;7650,3
Akdeniz Bölgesi;Mersin;Toroslar;48713,6;59538,8;1571;10123,4;11694,4
Akdeniz Bölgesi;Mersin;Yeniþehir;42490,5;51932,8;1370,3;8830,2;10200,5
Akdeniz Bölgesi;Mersin;Aydýncýk;1821,2;2225,9;58,7;378,5;437,2
Akdeniz Bölgesi;Mersin;Çamlýyayla;1425,5;1742,3;46;296,2;342,2
Akdeniz Bölgesi;Mersin;Silifke;19595,5;23950,1;632;4072,2;4704,2
Akdeniz Bölgesi;Mersin;Tarsus;55791,8;68190;1799,3;11594,4;13393,7
Marmara Bölgesi;Ýstanbul;Adalar;3388,9;4141,9;109,3;704,3;813,6
Marmara Bölgesi;Ýstanbul;Beyoðlu;48465,8;59236;1563;10071,9;11634,9
Marmara Bölgesi;Ýstanbul;Bakýrköy;46813,7;57216,8;1509,7;9728,6;11238,3
Marmara Bölgesi;Ýstanbul;Beþiktaþ;38069;46528,8;1227,7;7911,3;9139
Marmara Bölgesi;Ýstanbul;Beykoz;51866,2;63392;1672,7;10778,6;12451,3
Marmara Bölgesi;Ýstanbul;Çatalca;15340,4;18749,3;494,7;3188;3682,7
Marmara Bölgesi;Ýstanbul;Eyüp;80713;98649,3;2603;16773,4;19376,4
Marmara Bölgesi;Ýstanbul;Fatih;91778;112173,1;2959,8;19072,9;22032,7
Marmara Bölgesi;Ýstanbul;Gaziosmanpaþa;102396,6;125151,3;3302,3;21279,6;24581,9
Marmara Bölgesi;Ýstanbul;Kadýköy;96424,1;117851,6;3109,7;20038,4;23148,1
Marmara Bölgesi;Ýstanbul;Kartal;96953,2;118498,4;3126,7;20148,4;23275,1
Marmara Bölgesi;Ýstanbul;Sarýyer;72007,8;88009,6;2322,3;14964,3;17286,6
Marmara Bölgesi;Ýstanbul;Bahçelievler;124893,7;152647,9;4027,8;25954,8;29982,6
Marmara Bölgesi;Ýstanbul;Maltepe;104496,4;127717,9;3370;21715,9;25085,9
Marmara Bölgesi;Ýstanbul;Sultanbeyli;68916,3;84231;2222,5;14321,8;16544,3
Marmara Bölgesi;Ýstanbul;Tuzla;53709,6;65645,1;1732,1;11161,7;12893,8
Marmara Bölgesi;Ýstanbul;Esenler;93464,5;114234,4;3014,2;19423,3;22437,5
Marmara Bölgesi;Ýstanbul;Þile;7677,1;9383,2;247,6;1595,4;1843
Marmara Bölgesi;Ýstanbul;Büyükçekmece;52084;63658,2;1679,7;10823,8;12503,5
Marmara Bölgesi;Ýstanbul;Ümraniye;145106,2;177352;4679,7;30155,3;34835
Marmara Bölgesi;Ýstanbul;Güngören;60828,9;74346,5;1961,7;12641,2;14602,9
Marmara Bölgesi;Ýstanbul;Üsküdar;111247,4;135969,1;3587,7;23118,9;26706,6
Marmara Bölgesi;Ýstanbul;Çekmeköy;52967,2;64737,7;1708,2;11007,4;12715,6
Marmara Bölgesi;Ýstanbul;Esenyurt;187349,1;228982,2;6042;38934;44976
Marmara Bölgesi;Ýstanbul;Sancaktepe;87069,4;106418,2;2808;18094,3;20902,3
Marmara Bölgesi;Ýstanbul;Sultangazi;110116,4;134586,7;3551,3;22883,8;26435,1
Marmara Bölgesi;Ýstanbul;Bayrampaþa;56990,4;69654,9;1837,9;11843,5;13681,4
Marmara Bölgesi;Ýstanbul;Pendik;145822,3;178227,2;4702,8;30304,1;35006,9
Marmara Bölgesi;Ýstanbul;Kaðýthane;91880,3;112298,2;2963,1;19094,1;22057,2
Marmara Bölgesi;Ýstanbul;Avcýlar;91585,8;111938,2;2953,6;19032,9;21986,5
Marmara Bölgesi;Ýstanbul;Baðcýlar;154393,7;188703,5;4979,2;32085,4;37064,6
Marmara Bölgesi;Ýstanbul;Zeytinburnu;59904,7;73216,9;1931,9;12449,1;14381
Marmara Bölgesi;Ýstanbul;Þiþli;57666,5;70481,3;1859,7;11984;13843,7
Marmara Bölgesi;Ýstanbul;Küçükçekmece;161951,4;197940,7;5222,9;33656;38878,9
Marmara Bölgesi;Ýstanbul;Silivri;39445,4;48211,1;1272,1;8197,4;9469,5
Marmara Bölgesi;Ýstanbul;Arnavutköy;56880,2;69520,3;1834,4;11820,6;13655
Marmara Bölgesi;Ýstanbul;Ataþehir;87526,7;106977,1;2822,7;18189,4;21012,1
Marmara Bölgesi;Ýstanbul;Baþakþehir;89948;109936,5;2900,8;18692,6;21593,4
Marmara Bölgesi;Ýstanbul;Beylikdüzü;69699,8;85188,7;2247,8;14484,7;16732,5
Ege Bölgesi;Ýzmir;Aliaða;20055,2;24511,9;646,8;4167,8;4814,6
Ege Bölgesi;Ýzmir;Bayýndýr;8532,4;10428,5;275,2;1773,2;2048,4
Ege Bölgesi;Ýzmir;Bergama;21693,6;26514,4;699,6;4508,3;5207,9
Ege Bölgesi;Ýzmir;Çeþme;9143,1;11174,9;294,9;1900,1;2195
Ege Bölgesi;Ýzmir;Bornova;93605,6;114406,8;3018,8;19452,7;22471,5
Ege Bölgesi;Ýzmir;Dikili;9286,7;11350,4;299,5;1929,9;2229,4
Ege Bölgesi;Ýzmir;Foça;6965,5;8513,3;224,6;1447,5;1672,1
Ege Bölgesi;Ýzmir;Kiraz;9248,2;11303,4;298,3;1921,9;2220,2
Ege Bölgesi;Ýzmir;Karþýyaka;72352;88430,2;2333,4;15035,8;17369,2
Ege Bölgesi;Ýzmir;Karaburun;2229,2;2724,5;71,9;463,3;535,2
Ege Bölgesi;Ýzmir;Kemalpaþa;22348,1;27314,3;720,7;4644,3;5365
Ege Bölgesi;Ýzmir;Kýnýk;6265,8;7658,2;202,1;1302,1;1504,2
Ege Bölgesi;Ýzmir;Menemen;36700,3;44856;1183,6;7626,9;8810,5
Ege Bölgesi;Ýzmir;Balçova;16684;20391,6;538,1;3467,2;4005,3
Ege Bölgesi;Ýzmir;Çiðli;40896,9;49985,1;1318,9;8499;9817,9
Ege Bölgesi;Ýzmir;Gaziemir;28919,1;35345,6;932,6;6009,8;6942,4
Ege Bölgesi;Ýzmir;Narlýdere;13918,5;17011,5;448,9;2892,5;3341,4
Ege Bölgesi;Ýzmir;Güzelbahçe;6852,1;8374,8;221;1424;1645
Ege Bölgesi;Ýzmir;Ödemiþ;27859,1;34050;898,5;5789,5;6688
Ege Bölgesi;Ýzmir;Urla;13951,5;17051,9;449,9;2899,3;3349,2
Ege Bölgesi;Ýzmir;Beydað;2629,5;3213,8;84,8;546,4;631,2
Ege Bölgesi;Ýzmir;Buca;104978,1;128306,6;3385,5;21816;25201,5
Ege Bölgesi;Ýzmir;Seferihisar;9155,1;11189,6;295,3;1902,6;2197,9
Ege Bölgesi;Ýzmir;Selçuk;7644,3;9343,1;246,5;1588,6;1835,1
Ege Bölgesi;Ýzmir;Bayraklý;65494,8;80049,2;2112,2;13610,8;15723
Ege Bölgesi;Ýzmir;Karabaðlar;100912,3;123337,2;3254,4;20971,1;24225,5
Ege Bölgesi;Ýzmir;Tire;17756,2;21702,1;572,6;3690;4262,6
Ege Bölgesi;Ýzmir;Torbalý;37585;45937,3;1212,1;7810,7;9022,8
Ege Bölgesi;Ýzmir;Konak;74963,8;91622,4;2417,6;15578,6;17996,2
Ege Bölgesi;Ýzmir;Menderes;19719,7;24101,8;636;4098;4734
Doðu Anadolu Bölgesi;Kars;Arpaçay;2282,8;2790,1;73,6;390,7;464,3
Doðu Anadolu Bölgesi;Kars;Digor;2927,9;3578,5;94,4;501,1;595,5
Doðu Anadolu Bölgesi;Kars;Kaðýzman;6036;7377,3;194,7;1033;1227,7
Doðu Anadolu Bölgesi;Kars;Merkez;15228,1;18612,1;491,1;2606,2;3097,3
Doðu Anadolu Bölgesi;Kars;Sarýkamýþ;5608,5;6854,9;180,9;959,9;1140,8
Doðu Anadolu Bölgesi;Kars;Susuz;1379,3;1685,8;44,5;236,1;280,6
Doðu Anadolu Bölgesi;Kars;Selim;3052,6;3730,9;98,4;522,4;620,8
Doðu Anadolu Bölgesi;Kars;Akyaka;1443,4;1764,2;46,6;247;293,6
Karadeniz Bölgesi;Kastamonu;Abana;628;767,5;46101;107,5;46208,5
Karadeniz Bölgesi;Kastamonu;Azdavay;1142,1;1395,9;36,8;195,5;232,3
Karadeniz Bölgesi;Kastamonu;Cide;3448,6;4215;111,2;590,2;701,4
Karadeniz Bölgesi;Kastamonu;Daday;1293,3;1580,7;41,7;221,3;263
Karadeniz Bölgesi;Kastamonu;Bozkurt;1466,4;1792,3;47,3;251;298,3
Karadeniz Bölgesi;Kastamonu;Devrekani;1993;2435,9;64,3;341,1;405,4
Karadeniz Bölgesi;Kastamonu;Ýnebolu;3213,4;3927,5;103,6;550;653,6
Karadeniz Bölgesi;Kastamonu;Merkez;22015,7;26908,1;710;3767,8;4477,8
Karadeniz Bölgesi;Kastamonu;Küre;904,5;1105,6;29,2;154,8;184
Karadeniz Bölgesi;Kastamonu;Doðanyurt;909,6;1111,7;46110;155,7;46265,7
Karadeniz Bölgesi;Kastamonu;Çatalzeytin;1039,9;1271;33,5;178;211,5
Karadeniz Bölgesi;Kastamonu;Araç;2788,4;3408,1;89,9;477,2;567,1
Karadeniz Bölgesi;Kastamonu;Þenpazar;739,4;903,7;46257;126,5;46383,5
Karadeniz Bölgesi;Kastamonu;Tosya;5949,2;7271,3;191,9;1018,2;1210,1
Karadeniz Bölgesi;Kastamonu;Ýhsangazi;808,5;988,1;46048;138,4;46186,4
Karadeniz Bölgesi;Kastamonu;Pýnarbaþý;889,9;1087,7;46231;152,3;46383,3
Karadeniz Bölgesi;Kastamonu;Hanönü;614,4;750,9;46253;105,1;46358,1
Karadeniz Bölgesi;Kastamonu;Aðlý;472,4;577,4;46068;80,9;46148,9
Karadeniz Bölgesi;Kastamonu;Seydiler;612,4;748,5;46253;104,8;46357,8
Karadeniz Bölgesi;Kastamonu;Taþköprü;5742,9;7019;185,2;982,8;1168
Ýç Anadolu Bölgesi;Kayseri;Bünyan;4863;5943,6;156,8;1010,6;1167,4
Ýç Anadolu Bölgesi;Kayseri;Develi;10085,4;12326,6;325,3;2095,9;2421,2
Ýç Anadolu Bölgesi;Kayseri;Felahiye;1019,3;1245,8;32,9;211,8;244,7
Ýç Anadolu Bölgesi;Kayseri;Ýncesu;4068,8;4972,9;131,2;845,6;976,8
Ýç Anadolu Bölgesi;Kayseri;Sarýz;1559,1;1905,5;50,3;324;374,3
Ýç Anadolu Bölgesi;Kayseri;Sarýoðlan;2615,1;3196,3;84,3;543,5;627,8
Ýç Anadolu Bölgesi;Kayseri;Yeþilhisar;2705,8;3307,1;87,3;562,3;649,6
Ýç Anadolu Bölgesi;Kayseri;Pýnarbaþý;4154,9;5078,2;134;863,5;997,5
Ýç Anadolu Bölgesi;Kayseri;Yahyalý;5609,3;6855,8;180,9;1165,7;1346,6
Ýç Anadolu Bölgesi;Kayseri;Talas;24347,3;29757,8;785,2;5059,7;5844,9
Ýç Anadolu Bölgesi;Kayseri;Kocasinan;60470,5;73908,4;1950,2;12566,7;14516,9
Ýç Anadolu Bölgesi;Kayseri;Melikgazi;85792,8;104857,9;2766,8;17829,1;20595,9
Ýç Anadolu Bölgesi;Kayseri;Özvatan;835,7;1021,5;27;173,7;200,7
Ýç Anadolu Bölgesi;Kayseri;Akkýþla;992,6;1213,2;32;206,3;238,3
Ýç Anadolu Bölgesi;Kayseri;Hacýlar;1918,5;2344,8;61,9;398,7;460,6
Ýç Anadolu Bölgesi;Kayseri;Tomarza;3521,4;4304;113,6;731,8;845,4
Ýç Anadolu Bölgesi;Kýrklareli;Babaeski;9219,9;11268,8;297,3;1577,9;1875,2
Ýç Anadolu Bölgesi;Kýrklareli;Demirköy;1732,5;2117,5;55,9;296,5;352,4
Ýç Anadolu Bölgesi;Kýrklareli;Kofçaz;451,2;551,4;46187;77,2;46264,2
Ýç Anadolu Bölgesi;Kýrklareli;Lüleburgaz;28205,5;34473,4;909,6;4827,1;5736,7
Ýç Anadolu Bölgesi;Kýrklareli;Merkez;19607,3;23964,4;632,3;3355,6;3987,9
Ýç Anadolu Bölgesi;Kýrklareli;Pehlivanköy;679,2;830,2;46286;116,2;46402,2
Ýç Anadolu Bölgesi;Kýrklareli;Pýnarhisar;3501;4279;112,9;599,2;712,1
Ýç Anadolu Bölgesi;Kýrklareli;Vize;5358,1;6548,8;172,8;917;1089,8
Ýç Anadolu Bölgesi;Kýrþehir;Çiçekdaðý;2178,2;2662,2;70,2;372,8;443
Ýç Anadolu Bölgesi;Kýrþehir;Kaman;5502,5;6725,3;177,5;941,7;1119,2
Ýç Anadolu Bölgesi;Kýrþehir;Merkez;22692,8;27735,6;731,8;3883,7;4615,5
Ýç Anadolu Bölgesi;Kýrþehir;Mucur;2773,6;3390;89,4;474,7;564,1
Ýç Anadolu Bölgesi;Kýrþehir;Akçakent;625,2;764,1;46073;107;46180
Ýç Anadolu Bölgesi;Kýrþehir;Akpýnar;1156,9;1414;37,3;198;235,3
Ýç Anadolu Bölgesi;Kýrþehir;Boztepe;825;1008,3;46199;141,2;46340,2
Marmara Bölgesi;Kocaeli;Gölcük;33113,5;40472;1067,9;6881,5;7949,4
Marmara Bölgesi;Kocaeli;Gebze;75561,6;92353;2436,9;15702,8;18139,7
Marmara Bölgesi;Kocaeli;Kandýra;10458;12782,1;337,3;2173,3;2510,6
Marmara Bölgesi;Kocaeli;Karamürsel;11528,5;14090,4;371,8;2395,8;2767,6
Marmara Bölgesi;Kocaeli;Derince;28713,8;35094,6;926;5967,2;6893,2
Marmara Bölgesi;Kocaeli;Baþiskele;19922,4;24349,6;642,5;4140,2;4782,7
Marmara Bölgesi;Kocaeli;Çayýrova;26406,8;32275;851,6;5487,7;6339,3
Marmara Bölgesi;Kocaeli;Darýca;41033;50151,4;1323,3;8527,3;9850,6
Marmara Bölgesi;Kocaeli;Dilovasý;9765,6;11935,7;314,9;2029,4;2344,3
Marmara Bölgesi;Kocaeli;Ýzmit;74016,9;90465,1;2387;15381,8;17768,8
Marmara Bölgesi;Kocaeli;Kartepe;24046,5;29390,2;775,5;4997,2;5772,7
Marmara Bölgesi;Kocaeli;Körfez;33708;41198,7;1087,1;7005;8092,1
Ýç Anadolu Bölgesi;Konya;Akþehir;14394,7;17593,5;464,2;2991,4;3455,6
Ýç Anadolu Bölgesi;Konya;Beyþehir;11389,4;13920,4;367,3;2366,9;2734,2
Ýç Anadolu Bölgesi;Konya;Cihanbeyli;8109,6;9911,7;261,5;1685,3;1946,8
Ýç Anadolu Bölgesi;Konya;Çumra;10312,7;12604,4;332,6;2143,1;2475,7
Ýç Anadolu Bölgesi;Konya;Bozkýr;4058,6;4960,5;130,9;843,4;974,3
Ýç Anadolu Bölgesi;Konya;Doðanhisar;2474,8;3024,8;79,8;514,3;594,1
Ýç Anadolu Bölgesi;Konya;Hadim;1848,1;2258,8;59,6;384,1;443,7
Ýç Anadolu Bölgesi;Konya;Ilgýn;8433,4;10307,4;272;1752,6;2024,6
Ýç Anadolu Bölgesi;Konya;Kulu;7822,7;9561,1;252,3;1625,7;1878
Ýç Anadolu Bölgesi;Konya;Sarayönü;4149,4;5071,4;133,8;862,3;996,1
Ýç Anadolu Bölgesi;Konya;Derbent;687,8;840,7;46075;142,9;46217,9
Ýç Anadolu Bölgesi;Konya;Ahýrlý;784,9;959,4;46106;163,1;46269,1
Ýç Anadolu Bölgesi;Konya;Emirgazi;1381,7;1688,7;44,6;287,1;331,7
Ýç Anadolu Bölgesi;Konya;Taþkent;1178,8;1440,8;38;245;283
Ýç Anadolu Bölgesi;Konya;Yunak;3565,4;4357,8;115;741;856
Ýç Anadolu Bölgesi;Konya;Ereðli;22447,3;27435,6;723,9;4664,9;5388,8
Ýç Anadolu Bölgesi;Konya;Kadýnhaný;5100,6;6234,1;164,5;1060;1224,5
Ýç Anadolu Bölgesi;Konya;Altýnekin;2246,1;2745,3;72,4;466,8;539,2
Ýç Anadolu Bölgesi;Konya;Karapýnar;7683,6;9391,1;247,8;1596,8;1844,6
Ýç Anadolu Bölgesi;Konya;Selçuklu;100179,2;122441,2;3230,8;20818,8;24049,6
Ýç Anadolu Bölgesi;Konya;Derebucak;999,4;1221,5;32,2;207,7;239,9
Ýç Anadolu Bölgesi;Konya;Hüyük;2481,6;3033,1;80;515,7;595,7
Ýç Anadolu Bölgesi;Konya;Güneysýnýr;1460,3;1784,8;47,1;303,5;350,6
Ýç Anadolu Bölgesi;Konya;Yalýhüyük;275,6;336,8;46273;57,3;46330,3
Ýç Anadolu Bölgesi;Konya;Halkapýnar;672,2;821,6;46224;139,7;46363,7
Ýç Anadolu Bölgesi;Konya;Çeltik;1554,9;1900,4;50,1;323,1;373,2
Ýç Anadolu Bölgesi;Konya;Seydiþehir;9987,3;12206,8;322,1;2075,5;2397,6
Ýç Anadolu Bölgesi;Konya;Akören;907,7;1109,4;46110;188,6;46298,6
Ýç Anadolu Bölgesi;Konya;Karatay;49971,3;61076,1;1611,6;10384,8;11996,4
Ýç Anadolu Bölgesi;Konya;Meram;52851,7;64596,6;1704,5;10983,4;12687,9
Ýç Anadolu Bölgesi;Konya;Tuzlukçu;1124;1373,8;36,2;233,6;269,8
Ege Bölgesi;Kütahya;Domaniç;2892,4;3535,2;93,3;495;588,3
Ege Bölgesi;Kütahya;Emet;3807,9;4654,1;122,8;651,7;774,5
Ege Bölgesi;Kütahya;Gediz;9493,5;11603,2;306,2;1624,7;1930,9
Ege Bölgesi;Kütahya;Merkez;50830,4;62126;1639,3;8699,2;10338,5
Ege Bölgesi;Kütahya;Aslanapa;1757,4;2148;56,7;300,8;357,5
Ege Bölgesi;Kütahya;Dumlupýnar;571,4;698,4;46130;97,8;46227,8
Ege Bölgesi;Kütahya;Þaphane;1212,9;1482,5;39,1;207,6;246,7
Ege Bölgesi;Kütahya;Hisarcýk;2387,5;2918,1;77;408,6;485,6
Ege Bölgesi;Kütahya;Çavdarhisar;1295,6;1583,5;41,8;221,7;263,5
Ege Bölgesi;Kütahya;Tavþanlý;19415,6;23730,2;626,2;3322,8;3949
Ege Bölgesi;Kütahya;Pazarlar;1052,1;1285,9;33,9;180,1;214
Ege Bölgesi;Kütahya;Altýntaþ;3201,5;3912,9;103,2;547,9;651,1
Ege Bölgesi;Kütahya;Simav;12196,8;14907,2;393,3;2087,4;2480,7
Doðu Anadolu Bölgesi;Malatya;Arapkir;1428,1;1745,4;46,1;296,8;342,9
Doðu Anadolu Bölgesi;Malatya;Arguvan;1071,8;1310;34,6;222,7;257,3
Doðu Anadolu Bölgesi;Malatya;Doðanþehir;5184,3;6336,3;167,2;1077,4;1244,6
Doðu Anadolu Bölgesi;Malatya;Darende;3816,5;4664,6;123,1;793,1;916,2
Doðu Anadolu Bölgesi;Malatya;Pötürge;1977,4;2416,9;63,8;410,9;474,7
Doðu Anadolu Bölgesi;Malatya;Doðanyol;580,8;709,9;46221;120,7;46341,7
Doðu Anadolu Bölgesi;Malatya;Yeþilyurt;40055,8;48957,1;1291,8;8324,2;9616
Doðu Anadolu Bölgesi;Malatya;Hekimhan;3004,7;3672,4;96,9;624,4;721,3
Doðu Anadolu Bölgesi;Malatya;Battalgazi;38870,9;47508,9;1253,6;8078;9331,6
Doðu Anadolu Bölgesi;Malatya;Yazýhan;2190,8;2677,7;70,7;455,3;526
Doðu Anadolu Bölgesi;Malatya;Kale;801,5;979,7;46259;166,6;46425,6
Doðu Anadolu Bölgesi;Malatya;Kuluncak;1101,7;1346,5;35,5;228,9;264,4
Doðu Anadolu Bölgesi;Malatya;Akçadað;4646,2;5678,7;149,8;965,5;1115,3
Ege Bölgesi;Manisa;Akhisar;32653,2;39909,5;1053,1;6785,8;7838,9
Ege Bölgesi;Manisa;Demirci;7837,5;9579,1;252,8;1628,7;1881,5
Ege Bölgesi;Manisa;Kýrkaðaç;7581,2;9265,9;244,5;1575,5;1820
Ege Bölgesi;Manisa;Salihli;30782,4;37622,9;992,7;6397,1;7389,8
Ege Bölgesi;Manisa;Alaþehir;19911,7;24336,5;642,2;4138;4780,2
Ege Bölgesi;Manisa;Sarýgöl;6850,9;8373,3;220,9;1423,7;1644,6
Ege Bölgesi;Manisa;Köprübaþý;2543;3108,1;82;528,5;610,5
Ege Bölgesi;Manisa;Gördes;5369,5;6562,7;173,2;1115,9;1289,1
Ege Bölgesi;Manisa;Saruhanlý;10414,4;12728,7;335,9;2164,3;2500,2
Ege Bölgesi;Manisa;Kula;8461,4;10341,8;272,9;1758,4;2031,3
Ege Bölgesi;Manisa;Gölmarmara;2905;3550,6;93,7;603,7;697,4
Ege Bölgesi;Manisa;Soma;20764,1;25378,4;669,6;4315,1;4984,7
Ege Bölgesi;Manisa;Selendi;3866;4725,2;124,7;803,4;928,1
Ege Bölgesi;Manisa;Turgutlu;31098,9;38009,7;1002,9;6462,8;7465,7
Ege Bölgesi;Manisa;Ahmetli;3149,5;3849,3;101,6;654,5;756,1
Ege Bölgesi;Manisa;Þehzadeler;32602,7;39847,8;1051,4;6775,3;7826,7
Ege Bölgesi;Manisa;Yunusemre;45598,4;55731,4;1470,5;9476;10946,5
Akdeniz Bölgesi;Kahramanmaraþ;Afþin;12036,4;14711,1;388,2;2501,3;2889,5
Akdeniz Bölgesi;Kahramanmaraþ;Andýrýn;4906,8;5997,1;158,2;1019,7;1177,9
Akdeniz Bölgesi;Kahramanmaraþ;Göksun;8276;10115,1;266,9;1719,9;1986,8
Akdeniz Bölgesi;Kahramanmaraþ;Pazarcýk;10176;12437,3;328,2;2114,7;2442,9
Akdeniz Bölgesi;Kahramanmaraþ;Ekinözü;1750,1;2139;56,4;363,7;420,1
Akdeniz Bölgesi;Kahramanmaraþ;Elbistan;21072,2;25754,9;679,6;4379,1;5058,7
Akdeniz Bölgesi;Kahramanmaraþ;Çaðlayancerit;3451,1;4218;111,3;717,2;828,5
Akdeniz Bölgesi;Kahramanmaraþ;Nurhak;1861,4;2275,1;60;386,8;446,8
Akdeniz Bölgesi;Kahramanmaraþ;Türkoðlu;10905,1;13328,4;351,7;2266,2;2617,9
Akdeniz Bölgesi;Kahramanmaraþ;Dulkadiroðlu;32955,8;40279,3;1062,8;6848,7;7911,5
Akdeniz Bölgesi;Kahramanmaraþ;Onikiþubat;61846,9;75590,6;1994,6;12852,7;14847,3
Güneydoðu Anadolu Bölgesi;Mardin;Derik;9140;11171,1;294,8;1899,4;2194,2
Güneydoðu Anadolu Bölgesi;Mardin;Nusaybin;15648,2;19125,5;504,7;3251,9;3756,6
Güneydoðu Anadolu Bölgesi;Mardin;Mazýdaðý;5285,8;6460,4;170,5;1098,5;1269
Güneydoðu Anadolu Bölgesi;Mardin;Ömerli;2104;2571,5;67,9;437,2;505,1
Güneydoðu Anadolu Bölgesi;Mardin;Midyat;16758,5;20482,6;540,5;3482,7;4023,2
Güneydoðu Anadolu Bölgesi;Mardin;Kýzýltepe;37348,9;45648,6;1204,5;7761,7;8966,2
Güneydoðu Anadolu Bölgesi;Mardin;Dargeçit;4221,1;5159,2;136,1;877,2;1013,3
Güneydoðu Anadolu Bölgesi;Mardin;Savur;4036,2;4933,2;130,2;838,8;969
Güneydoðu Anadolu Bölgesi;Mardin;Yeþilli;2203,5;2693,1;71,1;457,9;529
Güneydoðu Anadolu Bölgesi;Mardin;Artuklu;25829,6;31569,5;833;5367,8;6200,8
Ege Bölgesi;Muðla;Bodrum;32742,6;40018,7;1055,9;6804,4;7860,3
Ege Bölgesi;Muðla;Datça;4241,4;5183,9;136,8;881,4;1018,2
Ege Bölgesi;Muðla;Fethiye;30055,2;36734,1;969,3;6245,9;7215,2
Ege Bölgesi;Muðla;Köyceðiz;6933,2;8473,9;223,6;1440,8;1664,4
Ege Bölgesi;Muðla;Marmaris;17956,9;21947,3;579,1;3731,7;4310,8
Ege Bölgesi;Muðla;Milas;26568,6;32472,8;856,8;5521,4;6378,2
Ege Bölgesi;Muðla;Kavaklýdere;2076,4;2537,8;67;431,5;498,5
Ege Bölgesi;Muðla;Yataðan;8562,4;10465,2;276,1;1779,4;2055,5
Ege Bölgesi;Muðla;Dalaman;7878,6;9629,4;254,1;1637,3;1891,4
Ege Bölgesi;Muðla;Ortaca;9216,5;11264,6;297,2;1915,3;2212,5
Ege Bölgesi;Muðla;Ula;4819,3;5890,2;155,4;1001,5;1156,9
Ege Bölgesi;Muðla;Menteþe;21424,5;26185,5;690,9;4452,3;5143,2
Ege Bölgesi;Muðla;Seydikemer;11859,7;14495,2;382,5;2464,6;2847,1
Doðu Anadolu Bölgesi;Muþ;Bulanýk;10583;12934,7;341,3;1811,2;2152,5
Doðu Anadolu Bölgesi;Muþ;Merkez;25412;31059,1;819,5;4349,1;5168,6
Doðu Anadolu Bölgesi;Muþ;Korkut;3392,4;4146,2;109,4;580,6;690
Doðu Anadolu Bölgesi;Muþ;Varto;4095,6;5005,7;132,1;700,9;833
Doðu Anadolu Bölgesi;Muþ;Malazgirt;6743,8;8242,5;217,5;1154,2;1371,7
Doðu Anadolu Bölgesi;Muþ;Hasköy;3383,4;4135,3;109,1;579;688,1
Ýç Anadolu Bölgesi;Nevþehir;Derinkuyu;3072,7;3755,5;99,1;525,9;625
Ýç Anadolu Bölgesi;Nevþehir;Kozaklý;2006;2451,8;64,7;343,3;408
Ýç Anadolu Bölgesi;Nevþehir;Gülþehir;3218,3;3933,5;103,8;550,8;654,6
Ýç Anadolu Bölgesi;Nevþehir;Hacýbektaþ;1698,1;2075,4;54,8;290,6;345,4
Ýç Anadolu Bölgesi;Nevþehir;Ürgüp;5225,9;6387,2;168,5;894,4;1062,9
Ýç Anadolu Bölgesi;Nevþehir;Merkez;21167,7;25871,6;682,7;3622,7;4305,4
Ýç Anadolu Bölgesi;Nevþehir;Avanos;4821,8;5893,3;155,5;825,2;980,7
Ýç Anadolu Bölgesi;Nevþehir;Acýgöl;2891,6;3534,2;93,3;494,9;588,2
Ýç Anadolu Bölgesi;Niðde;Çamardý;1951,3;2384,9;62,9;333,9;396,8
Ýç Anadolu Bölgesi;Niðde;Bor;8919;10901;287,6;1526,4;1814
Ýç Anadolu Bölgesi;Niðde;Merkez;33155,5;40523,4;1069,3;5674,3;6743,6
Ýç Anadolu Bölgesi;Niðde;Altunhisar;2285,8;2793,8;73,7;391,2;464,9
Ýç Anadolu Bölgesi;Niðde;Ulukýþla;3437,2;4201,1;110,9;588,3;699,2
Ýç Anadolu Bölgesi;Niðde;Çiftlik;4163,9;5089,3;134,3;712,6;846,9
Karadeniz Bölgesi;Ordu;Akkuþ;3454,5;4222,2;111,4;717,9;829,3
Karadeniz Bölgesi;Ordu;Aybastý;3367,9;4116,3;108,6;699,9;808,5
Karadeniz Bölgesi;Ordu;Fatsa;17170,5;20986,1;553,7;3568,3;4122
Karadeniz Bölgesi;Ordu;Korgan;4515,3;5518,7;145,6;938,4;1084
Karadeniz Bölgesi;Ordu;Mesudiye;3885,9;4749,4;125,3;807,5;932,8
Karadeniz Bölgesi;Ordu;Kumru;4647,3;5680,1;149,9;965,8;1115,7
Karadeniz Bölgesi;Ordu;Perþembe;4915,6;6008;158,5;1021,5;1180
Karadeniz Bölgesi;Ordu;Gülyalý;1316,2;1608,7;42,4;273,5;315,9
Karadeniz Bölgesi;Ordu;Gölköy;4412,9;5393,5;142,3;917,1;1059,4
Karadeniz Bölgesi;Ordu;Ulubey;3952,4;4830,7;127,5;821,4;948,9
Karadeniz Bölgesi;Ordu;Ünye;18729,7;22891,9;604;3892,3;4496,3
Karadeniz Bölgesi;Ordu;Çatalpýnar;2210,6;2701,8;71,3;459,4;530,7
Karadeniz Bölgesi;Ordu;Ýkizce;2431,9;2972,3;78,4;505,4;583,8
Karadeniz Bölgesi;Ordu;Kabadüz;1421,9;1737,9;45,9;295,5;341,4
Karadeniz Bölgesi;Ordu;Kabataþ;1681,5;2055,2;54,2;349,4;403,6
Karadeniz Bölgesi;Ordu;Çaybaþý;2058;2515,4;66,4;427,7;494,1
Karadeniz Bölgesi;Ordu;Çamaþ;1751,9;2141,2;56,5;364,1;420,6
Karadeniz Bölgesi;Ordu;Gürgentepe;2502,5;3058,6;80,7;520,1;600,8
Karadeniz Bölgesi;Ordu;Altýnordu;29684,3;36280,8;957,3;6168,8;7126,1
Karadeniz Bölgesi;Rize;Ardeþen;6073,2;7422,9;195,9;1039,4;1235,3
Karadeniz Bölgesi;Rize;Çamlýhemþin;1200,5;1467,3;38,7;205,5;244,2
Karadeniz Bölgesi;Rize;Çayeli;6549,2;8004,6;211,2;1120,8;1332
Karadeniz Bölgesi;Rize;Fýndýklý;2498,5;3053,8;80,6;427,6;508,2
Karadeniz Bölgesi;Rize;Kalkandere;2478,7;3029,6;79,9;424,2;504,1
Karadeniz Bölgesi;Rize;Ýkizdere;1450;1772,2;46,8;248,2;295
Karadeniz Bölgesi;Rize;Pazar;4660,5;5696,1;150,3;797,6;947,9
Karadeniz Bölgesi;Rize;Merkez;20864,5;25501;672,9;3570,8;4243,7
Karadeniz Bölgesi;Rize;Derepazarý;1384,4;1692;44,6;236,9;281,5
Karadeniz Bölgesi;Rize;Güneysu;2476,1;3026,3;79,9;423,8;503,7
Karadeniz Bölgesi;Rize;Ýyidere;1480,9;1810;47,8;253,4;301,2
Karadeniz Bölgesi;Rize;Hemþin;416,4;509;46125;71,3;46196,3
Marmara Bölgesi;Sakarya;Akyazý;18187,9;22229,7;586,6;3779,7;4366,3
Marmara Bölgesi;Sakarya;Geyve;10134,6;12386,8;326,8;2106,1;2432,9
Marmara Bölgesi;Sakarya;Hendek;17128,4;20934,8;552,4;3559,6;4112
Marmara Bölgesi;Sakarya;Karasu;13060,1;15962,4;421,2;2714,1;3135,3
Marmara Bölgesi;Sakarya;Kaynarca;4940;6037,8;159,3;1026,6;1185,9
Marmara Bölgesi;Sakarya;Sapanca;8361,7;10219,8;269,7;1737,7;2007,4
Marmara Bölgesi;Sakarya;Taraklý;1404,3;1716,4;45,3;291,8;337,1
Marmara Bölgesi;Sakarya;Pamukova;5985;7315,1;193;1243,8;1436,8
Marmara Bölgesi;Sakarya;Adapazarý;55299,5;67588,2;1783,4;11492,1;13275,5
Marmara Bölgesi;Sakarya;Arifiye;9025,6;11031,3;291,1;1875,7;2166,8
Marmara Bölgesi;Sakarya;Erenler;17759,4;21705,9;572,7;3690,7;4263,4
Marmara Bölgesi;Sakarya;Serdivan;28431,3;34749,4;916,9;5908,5;6825,4
Marmara Bölgesi;Sakarya;Karapürçek;2656,1;3246,3;85,7;552;637,7
Marmara Bölgesi;Sakarya;Ferizli;5436,4;6644,4;175,3;1129,8;1305,1
Marmara Bölgesi;Sakarya;Söðütlü;2845,9;3478,3;91,8;591,4;683,2
Marmara Bölgesi;Sakarya;Kocaali;5193;6347;167,5;1079,2;1246,7
Karadeniz Bölgesi;Samsun;Alaçam;3991,7;4878,8;128,7;829,5;958,2
Karadeniz Bölgesi;Samsun;Bafra;21956,5;26835,7;708,1;4562,9;5271
Karadeniz Bölgesi;Samsun;Çarþamba;21436,2;26199,8;691,3;4454,8;5146,1
Karadeniz Bölgesi;Samsun;Havza;6205,8;7584,8;200,1;1289,6;1489,7
Karadeniz Bölgesi;Samsun;Kavak;3349,1;4093,4;108;696;804
Karadeniz Bölgesi;Samsun;Ladik;2583,6;3157,8;83,3;536,9;620,2
Karadeniz Bölgesi;Samsun;Tekkeköy;8068,4;9861,3;260,2;1676,7;1936,9
Karadeniz Bölgesi;Samsun;Vezirköprü;14755,4;18034,3;475,9;3066,4;3542,3
Karadeniz Bölgesi;Samsun;Salýpazarý;3539,2;4325,7;114,1;735,5;849,6
Karadeniz Bölgesi;Samsun;Asarcýk;2721,7;3326,5;87,8;565,6;653,4
Karadeniz Bölgesi;Samsun;Ondokuz Mayýs;4066,3;4969,9;131,1;845;976,1
Karadeniz Bölgesi;Samsun;Yakakent;1368,6;1672,7;44,1;284,4;328,5
Karadeniz Bölgesi;Samsun;Atakum;31283,2;38235;1008,9;6501,1;7510
Karadeniz Bölgesi;Samsun;Canik;15063,4;18410,8;485,8;3130,4;3616,2
Karadeniz Bölgesi;Samsun;Ýlkadým;51294,7;62693,5;1654,3;10659,8;12314,1
Karadeniz Bölgesi;Samsun;Terme;11171,1;13653,6;360,3;2321,5;2681,8
Karadeniz Bölgesi;Samsun;Ayvacýk;3373,1;4122,6;108,8;701;809,8
Güneydoðu Anadolu Bölgesi;Siirt;Baykan;3437,4;4201,3;110,9;588,3;699,2
Güneydoðu Anadolu Bölgesi;Siirt;Eruh;2695,4;3294,4;86,9;461,3;548,2
Güneydoðu Anadolu Bölgesi;Siirt;Kurtalan;7837,6;9579,3;252,8;1341,3;1594,1
Güneydoðu Anadolu Bölgesi;Siirt;Tillo;566,3;692,2;46099;96,9;46195,9
Güneydoðu Anadolu Bölgesi;Siirt;Pervari;4221,6;5159,8;136,1;722,5;858,6
Güneydoðu Anadolu Bölgesi;Siirt;Þirvan;2967;3626,3;95,7;507,8;603,5
Güneydoðu Anadolu Bölgesi;Siirt;Merkez;21856;26712,9;704,9;3740,5;4445,4
Karadeniz Bölgesi;Sinop;Ayancýk;3506,4;4285,6;113,1;600,1;713,2
Karadeniz Bölgesi;Sinop;Boyabat;6594,2;8059,6;212,7;1128,5;1341,2
Karadeniz Bölgesi;Sinop;Duraðan;2904,8;3550,3;93,7;497,1;590,8
Karadeniz Bölgesi;Sinop;Erfelek;1781,1;2177;57,4;304,8;362,2
Karadeniz Bölgesi;Sinop;Gerze;3687,6;4507,1;118,9;631,1;750
Karadeniz Bölgesi;Sinop;Dikmen;811,9;992,3;46079;138,9;46217,9
Karadeniz Bölgesi;Sinop;Türkeli;2653;3242,6;85,6;454;539,6
Karadeniz Bölgesi;Sinop;Saraydüzü;1001,8;1224,4;32,3;171,5;203,8
Karadeniz Bölgesi;Sinop;Merkez;9541,2;11661,5;307,7;1632,9;1940,6
Ýç Anadolu Bölgesi;Sivas;Divriði;2420,9;2958,9;78,1;414,3;492,4
Ýç Anadolu Bölgesi;Sivas;Gemerek;3670,2;4485,8;118,4;628,1;746,5
Ýç Anadolu Bölgesi;Sivas;Gürün;2819,9;3446,6;90,9;482,6;573,5
Ýç Anadolu Bölgesi;Sivas;Kangal;3203,2;3915;103,3;548,2;651,5
Ýç Anadolu Bölgesi;Sivas;Ýmranlý;1219,4;1490,4;39,3;208,7;248
Ýç Anadolu Bölgesi;Sivas;Koyulhisar;2160,2;2640,2;69,7;369,7;439,4
Ýç Anadolu Bölgesi;Sivas;Altýnyayla;1376,1;1681,9;44,4;235,5;279,9
Ýç Anadolu Bölgesi;Sivas;Akýncýlar;838,9;1025,3;46049;143,6;46192,6
Ýç Anadolu Bölgesi;Sivas;Doðanþar;502,8;614,5;46069;86;46155
Ýç Anadolu Bölgesi;Sivas;Yýldýzeli;5024;6140,4;162;859,8;1021,8
Ýç Anadolu Bölgesi;Sivas;Hafik;1487,4;1818;48;254,6;302,6
Ýç Anadolu Bölgesi;Sivas;Suþehri;3792,3;4635;122,3;649;771,3
Ýç Anadolu Bölgesi;Sivas;Þarkýþla;5758,4;7038;185,7;985,5;1171,2
Ýç Anadolu Bölgesi;Sivas;Ulaþ;1431,2;1749,3;46,2;244,9;291,1
Ýç Anadolu Bölgesi;Sivas;Gölova;617,3;754,5;46284;105,6;46389,6
Ýç Anadolu Bölgesi;Sivas;Zara;3449,6;4216,2;111,3;590,4;701,7
Ýç Anadolu Bölgesi;Sivas;Merkez;55813;68215,8;1800;9551,9;11351,9
Marmara Bölgesi;Tekirdað;Çorlu;53537,1;65434,2;1726,6;11125,8;12852,4
Marmara Bölgesi;Tekirdað;Çerkezköy;33969,9;41518,8;1095,5;7059,5;8155
Marmara Bölgesi;Tekirdað;Hayrabolu;6545,3;7999,9;211,1;1360,2;1571,3
Marmara Bölgesi;Tekirdað;Malkara;10745,2;13133;346,5;2233;2579,5
Marmara Bölgesi;Tekirdað;Muratlý;5812,1;7103,7;187,4;1207,8;1395,2
Marmara Bölgesi;Tekirdað;Saray;10001,4;12224;322,5;2078,4;2400,9
Marmara Bölgesi;Tekirdað;Þarköy;6632,5;8106,4;213,9;1378,3;1592,2
Marmara Bölgesi;Tekirdað;M.Ereðlisi;5269,6;6440,6;169,9;1095,1;1265
Marmara Bölgesi;Tekirdað;Ergene;12720,8;15547,7;410,2;2643,6;3053,8
Marmara Bölgesi;Tekirdað;Kapaklý;23805,4;29095,4;767,7;4947,1;5714,8
Marmara Bölgesi;Tekirdað;Süleymanpaþa;40725,9;49776;1313,4;8463,5;9776,9
Karadeniz Bölgesi;Tokat;Artova;1292,6;1579,8;41,7;221,2;262,9
Karadeniz Bölgesi;Tokat;Almus;4200,2;5133,5;135,5;718,8;854,3
Karadeniz Bölgesi;Tokat;Erbaa;14096,7;17229,3;454,6;2412,5;2867,1
Karadeniz Bölgesi;Tokat;Niksar;9478,4;11584,7;305,7;1622,1;1927,8
Karadeniz Bölgesi;Tokat;Reþadiye;6087,1;7439,8;196,3;1041,8;1238,1
Karadeniz Bölgesi;Tokat;Yeþilyurt;1353,2;1653,9;43,6;231,6;275,2
Karadeniz Bölgesi;Tokat;Baþçiftlik;1043,3;1275,2;33,6;178,6;212,2
Karadeniz Bölgesi;Tokat;Turhal;11813,6;14438,8;381;2021,8;2402,8
Karadeniz Bölgesi;Tokat;Pazar;2119,1;2590;68,3;362,7;431
Karadeniz Bölgesi;Tokat;Merkez;29756,3;36368,8;959,6;5092,5;6052,1
Karadeniz Bölgesi;Tokat;Sulusaray;1094,1;1337,2;35,3;187,2;222,5
Karadeniz Bölgesi;Tokat;Zile;8229,9;10058,7;265,4;1408,5;1673,9
Karadeniz Bölgesi;Trabzon;Akçaabat;18264,1;22322,8;589;3795,6;4384,6
Karadeniz Bölgesi;Trabzon;Arsin;5148,9;6293,1;166,1;1070;1236,1
Karadeniz Bölgesi;Trabzon;Araklý;7316,7;8942,7;236;1520,5;1756,5
Karadeniz Bölgesi;Trabzon;Çaykara;2396,7;2929,3;77,3;498,1;575,4
Karadeniz Bölgesi;Trabzon;Of;6430,2;7859,2;207,4;1336,3;1543,7
Karadeniz Bölgesi;Trabzon;Maçka;3936;4810,7;126,9;818;944,9
Karadeniz Bölgesi;Trabzon;Dernekpazarý;621,5;759,6;20;129,1;149,1
Karadeniz Bölgesi;Trabzon;Köprübaþý;946,2;1156,5;46172;196,6;46368,6
Karadeniz Bölgesi;Trabzon;Düzköy;2145,1;2621,8;69,2;445,8;515
Karadeniz Bölgesi;Trabzon;Yomra;5857,4;7159,1;188,9;1217,3;1406,2
Karadeniz Bölgesi;Trabzon;Sürmene;4054,5;4955,6;130,8;842,6;973,4
Karadeniz Bölgesi;Trabzon;Þalpazarý;1764,1;2156,2;56,9;366,6;423,5
Karadeniz Bölgesi;Trabzon;Beþikdüzü;3345,3;4088,7;107,9;695,2;803,1
Karadeniz Bölgesi;Trabzon;Vakfýkebir;4170;5096,7;134,5;866,6;1001,1
Karadeniz Bölgesi;Trabzon;Çarþýbaþý;2414,7;2951,3;77,9;501,8;579,7
Karadeniz Bölgesi;Trabzon;Hayrat;1522,3;1860,6;49,1;316,4;365,5
Karadeniz Bölgesi;Trabzon;Tonya;2157,1;2636,4;69,6;448,3;517,9
Karadeniz Bölgesi;Trabzon;Ortahisar;46937,4;57367,9;1513,7;9754,3;11268
Doðu Anadolu Bölgesi;Tunceli;Çemiþgezek;1096,8;1340,5;35,4;187,7;223,1
Doðu Anadolu Bölgesi;Tunceli;Hozat;905,5;1106,7;29,2;155;184,2
Doðu Anadolu Bölgesi;Tunceli;Mazgirt;1107,7;1353,9;35,7;189,6;225,3
Doðu Anadolu Bölgesi;Tunceli;Nazýmiye;472,9;578;46096;80,9;46176,9
Doðu Anadolu Bölgesi;Tunceli;Ovacýk;919,5;1123,9;46232;157,4;46389,4
Doðu Anadolu Bölgesi;Tunceli;Pertek;1533,3;1874;49,4;262,4;311,8
Doðu Anadolu Bölgesi;Tunceli;Pülümür;494,1;603,9;46280;84,6;46364,6
Doðu Anadolu Bölgesi;Tunceli;Merkez;5059,4;6183,7;163,2;865,9;1029,1
Güneydoðu Anadolu Bölgesi;Þanlýurfa;Akçakale;14873,7;18179;479,7;3091;3570,7
Güneydoðu Anadolu Bölgesi;Þanlýurfa;Ceylanpýnar;11521,7;14082,1;371,6;2394,4;2766
Güneydoðu Anadolu Bölgesi;Þanlýurfa;Birecik;12502,6;15280,9;403,2;2598,2;3001,4
Güneydoðu Anadolu Bölgesi;Þanlýurfa;Bozova;7695,4;9405,5;248,2;1599,2;1847,4
Güneydoðu Anadolu Bölgesi;Þanlýurfa;Halfeti;5406,1;6607,4;174,3;1123,5;1297,8
Güneydoðu Anadolu Bölgesi;Þanlýurfa;Hilvan;5627,7;6878,3;181,5;1169,5;1351
Güneydoðu Anadolu Bölgesi;Þanlýurfa;Suruç;13705,3;16750,9;442;2848,2;3290,2
Güneydoðu Anadolu Bölgesi;Þanlýurfa;Viranþehir;25742,6;31463,1;830,2;5349,7;6179,9
Güneydoðu Anadolu Bölgesi;Þanlýurfa;Harran;11542,6;14107,6;372,2;2398,7;2770,9
Güneydoðu Anadolu Bölgesi;Þanlýurfa;Siverek;33936;41477,4;1094,4;7052,4;8146,8
Güneydoðu Anadolu Bölgesi;Þanlýurfa;Eyyübüye;49816,8;60887,2;1606,6;10352,7;11959,3
Güneydoðu Anadolu Bölgesi;Þanlýurfa;Haliliye;49439,4;60425,9;1594,4;10274,3;11868,7
Güneydoðu Anadolu Bölgesi;Þanlýurfa;Karaköprü;25695,5;31405,7;828,7;5339,9;6168,6
Ege Bölgesi;Uþak;Banaz;6930,1;8470,2;223,5;1186;1409,5
Ege Bölgesi;Uþak;Eþme;6655,6;8134,6;214,6;1139,1;1353,7
Ege Bölgesi;Uþak;Karahallý;1992,4;2435,1;64,3;341;405,3
Ege Bölgesi;Uþak;Ulubey;2468,3;3016,8;79,6;422,4;502
Ege Bölgesi;Uþak;Merkez;48021,9;58693,5;1548,7;8218,6;9767,3
Ege Bölgesi;Uþak;Sivaslý;3954,1;4832,8;127,5;676,7;804,2
Doðu Anadolu Bölgesi;Van;Baþkale;6904,3;8438,6;222,7;1434,8;1657,5
Doðu Anadolu Bölgesi;Van;Erciþ;22773,3;27834,1;734,4;4732,6;5467
Doðu Anadolu Bölgesi;Van;Gevaþ;3760,7;4596,4;121,3;781,5;902,8
Doðu Anadolu Bölgesi;Van;Gürpýnar;4686,1;5727,5;151,1;973,8;1124,9
Doðu Anadolu Bölgesi;Van;Muradiye;6529;7979,9;210,6;1356,8;1567,4
Doðu Anadolu Bölgesi;Van;Özalp;8644,1;10565,1;278,8;1796,4;2075,2
Doðu Anadolu Bölgesi;Van;Edremit;16541,2;20217;533,5;3437,5;3971
Doðu Anadolu Bölgesi;Van;Çatak;2751,1;3362,5;88,7;571,7;660,4
Doðu Anadolu Bölgesi;Van;Çaldýran;8279,9;10119,9;267;1720,7;1987,7
Doðu Anadolu Bölgesi;Van;Bahçesaray;1921,3;2348,3;62;399,3;461,3
Doðu Anadolu Bölgesi;Van;Saray;2752,7;3364,4;88,8;572,1;660,9
Doðu Anadolu Bölgesi;Van;Ýpekyolu;41028,9;50146,4;1323,2;8526,4;9849,6
Doðu Anadolu Bölgesi;Van;Tuþba;21092,6;25779,8;680,2;4383,4;5063,6
Ýç Anadolu Bölgesi;Yozgat;Boðazlýyan;5043,9;6164,8;162,7;863,2;1025,9
Ýç Anadolu Bölgesi;Yozgat;Çekerek;2924,9;3574,8;94,3;500,6;594,9
Ýç Anadolu Bölgesi;Yozgat;Çayýralan;1997,4;2441,3;64,4;341,8;406,2
Ýç Anadolu Bölgesi;Yozgat;Sarýkaya;4879,7;5964,1;157,4;835,1;992,5
Ýç Anadolu Bölgesi;Yozgat;Aydýncýk;1538,4;1880,3;49,6;263,3;312,9
Ýç Anadolu Bölgesi;Yozgat;Merkez;15546,3;19001;501,4;2660,6;3162
Ýç Anadolu Bölgesi;Yozgat;Akdaðmadeni;6344,5;7754,4;204,6;1085,8;1290,4
Ýç Anadolu Bölgesi;Yozgat;Yerköy;5256,8;6425;169,5;899,7;1069,2
Ýç Anadolu Bölgesi;Yozgat;Þefaatli;2237,3;2734,5;72,2;382,9;455,1
Ýç Anadolu Bölgesi;Yozgat;Çandýr;679,6;830,6;46286;116,3;46402,3
Ýç Anadolu Bölgesi;Yozgat;Sorgun;11724,6;14330,1;378,1;2006,6;2384,7
Ýç Anadolu Bölgesi;Yozgat;Kadýþehri;1731,9;2116,8;55,9;296,4;352,3
Ýç Anadolu Bölgesi;Yozgat;Yenifakýlý;818,7;1000,6;46138;140,1;46278,1
Ýç Anadolu Bölgesi;Yozgat;Saraykent;2098,8;2565,2;67,7;359,2;426,9
Karadeniz Bölgesi;Zonguldak;Çaycuma;13536,2;16544,2;436,5;2316,6;2753,1
Karadeniz Bölgesi;Zonguldak;Ereðli;25958,8;31727,4;837,2;4442,6;5279,8
Karadeniz Bölgesi;Zonguldak;Devrek;8505,9;10396;274,3;1455,7;1730
Karadeniz Bölgesi;Zonguldak;Gökçebey;3201,2;3912,5;103,2;547,9;651,1
Karadeniz Bölgesi;Zonguldak;Alaplý;6546,6;8001,4;211,1;1120,4;1331,5
Karadeniz Bölgesi;Zonguldak;Merkez;18528,2;22645,6;597,5;3171;3768,5
Karadeniz Bölgesi;Zonguldak;Kilimli;5221,6;6382;168,4;893,6;1062
Karadeniz Bölgesi;Zonguldak;Kozlu;7151,9;8741,2;230,6;1224;1454,6
Ýç Anadolu Bölgesi;Aksaray;Merkez;43660,3;53362,5;1408;7472,1;8880,1
Ýç Anadolu Bölgesi;Aksaray;Ortaköy;4804,9;5872,7;155;822,3;977,3
Ýç Anadolu Bölgesi;Aksaray;Sarýyahþi;1005,4;1228,8;32,4;172,1;204,5
Ýç Anadolu Bölgesi;Aksaray;Aðaçören;1229,9;1503,2;39,7;210,5;250,2
Ýç Anadolu Bölgesi;Aksaray;Güzelyurt;1738,6;2124,9;56,1;297,5;353,6
Ýç Anadolu Bölgesi;Aksaray;Gülaðaç;2942,2;3596;94,9;503,5;598,4
Ýç Anadolu Bölgesi;Aksaray;Eskil;3939,2;4814,6;127;674,2;801,2
Ýç Anadolu Bölgesi;Aksaray;Sultanhaný;1608,9;1966,5;51,9;275,4;327,3
Karadeniz Bölgesi;Bayburt;Merkez;9850;12038,9;317,7;1685,8;2003,5
Karadeniz Bölgesi;Bayburt;Demirözü;1279,7;1564,1;41,3;219;260,3
Karadeniz Bölgesi;Bayburt;Aydýntepe;1032,4;1261,8;33,3;176,7;210
Ýç Anadolu Bölgesi;Karaman;Ermenek;4262,1;5209,2;137,5;729,4;866,9
Ýç Anadolu Bölgesi;Karaman;Merkez;28680,7;35054,2;925;4908,5;5833,5
Ýç Anadolu Bölgesi;Karaman;Kazýmkarabekir;651,5;796,2;21;111,5;132,5
Ýç Anadolu Bölgesi;Karaman;Baþyayla;549,5;671,6;46220;94;46314
Ýç Anadolu Bölgesi;Karaman;Ayrancý;1232,6;1506,5;39,8;210,9;250,7
Ýç Anadolu Bölgesi;Karaman;Sarýveliler;1862,7;2276,7;60,1;318,8;378,9
Ýç Anadolu Bölgesi;Kýrýkkale;Delice;1480,8;1809,8;47,8;253,4;301,2
Ýç Anadolu Bölgesi;Kýrýkkale;Keskin;2681,4;3277,3;86,5;458,9;545,4
Ýç Anadolu Bölgesi;Kýrýkkale;Merkez;29069;35528,8;937,5;4974,9;5912,4
Ýç Anadolu Bölgesi;Kýrýkkale;Sulakyurt;1261,1;1541,3;40,7;215,8;256,5
Ýç Anadolu Bölgesi;Kýrýkkale;Balýþeyh;1067,4;1304,7;34,4;182,7;217,1
Ýç Anadolu Bölgesi;Kýrýkkale;Yahþihan;4628,1;5656,6;149,3;792,1;941,4
Ýç Anadolu Bölgesi;Kýrýkkale;Çelebi;447;546,4;46126;76,5;46202,5
Ýç Anadolu Bölgesi;Kýrýkkale;Karakeçili;563,2;688,4;46071;96,4;46167,4
Ýç Anadolu Bölgesi;Kýrýkkale;Bahþýlý;1168,9;1428,6;37,7;200;237,7
Güneydoðu Anadolu Bölgesi;Batman;Merkez;58749,7;71805,2;1894,7;10054,5;11949,2
Güneydoðu Anadolu Bölgesi;Batman;Beþiri;4000,5;4889,5;129;684,6;813,6
Güneydoðu Anadolu Bölgesi;Batman;Gercüþ;2691,6;3289,7;86,8;460,6;547,4
Güneydoðu Anadolu Bölgesi;Batman;Kozluk;8072,8;9866,8;260,3;1381,6;1641,9
Güneydoðu Anadolu Bölgesi;Batman;Hasankeyf;883,5;1079,9;46170;151,2;46321,2
Güneydoðu Anadolu Bölgesi;Batman;Sason;4324;5284,9;139,4;740;879,4
Güneydoðu Anadolu Bölgesi;Þýrnak;Beytüþþebap;2263,6;2766,7;73;387,4;460,4
Güneydoðu Anadolu Bölgesi;Þýrnak;Cizre;18806,5;22985,7;606,5;3218,6;3825,1
Güneydoðu Anadolu Bölgesi;Þýrnak;Ýdil;10055,1;12289,6;324,3;1720,9;2045,2
Güneydoðu Anadolu Bölgesi;Þýrnak;Uludere;6049,7;7394;195,1;1035,3;1230,4
Güneydoðu Anadolu Bölgesi;Þýrnak;Güçlükonak;1720,2;2102,4;55,5;294,4;349,9
Güneydoðu Anadolu Bölgesi;Þýrnak;Merkez;12276,8;15005;395,9;2101,1;2497
Güneydoðu Anadolu Bölgesi;Þýrnak;Silopi;17706,7;21641,5;571;3030,4;3601,4
Karadeniz Bölgesi;Bartýn;Merkez;22915,2;28007,5;739;3921,8;4660,8
Karadeniz Bölgesi;Bartýn;Kurucaþile;1016,1;1242;32,8;173,9;206,7
Karadeniz Bölgesi;Bartýn;Ulus;3301,4;4035;106,5;565;671,5
Karadeniz Bölgesi;Bartýn;Amasra;2184,3;2669,7;70,4;373,8;444,2
Doðu Anadolu Bölgesi;Ardahan;Merkez;5548,5;6781,5;178,9;949,6;1128,5
Doðu Anadolu Bölgesi;Ardahan;Çýldýr;1292,1;1579,2;41,7;221,1;262,8
Doðu Anadolu Bölgesi;Ardahan;Göle;3309,6;4045;106,7;566,4;673,1
Doðu Anadolu Bölgesi;Ardahan;Hanak;1189,7;1454,1;38,4;203,6;242
Doðu Anadolu Bölgesi;Ardahan;Posof;894,2;1092,9;46262;153;46415
Doðu Anadolu Bölgesi;Ardahan;Damal;762,4;931,8;46197;130,5;46327,5
Doðu Anadolu Bölgesi;Iðdýr;Aralýk;2800,3;3422,5;90,3;479,2;569,5
Doðu Anadolu Bölgesi;Iðdýr;Merkez;18082,3;22100,6;583,2;3094,6;3677,8
Doðu Anadolu Bölgesi;Iðdýr;Karakoyunlu;1835,9;2243,9;59,2;314,2;373,4
Doðu Anadolu Bölgesi;Iðdýr;Tuzluca;3227,2;3944,3;104,1;552,3;656,4
Marmara Bölgesi;Yalova;Altýnova;5379;6574,4;173,5;920,6;1094,1
Marmara Bölgesi;Yalova;Armutlu;1833,9;2241,4;59,1;313,8;372,9
Marmara Bölgesi;Yalova;Çýnarcýk;6492,5;7935,3;209,4;1111,1;1320,5
Marmara Bölgesi;Yalova;Çiftlikköy;7451,6;9107,5;240,3;1275,3;1515,6
Marmara Bölgesi;Yalova;Termal;1292,6;1579,8;41,7;221,2;262,9
Marmara Bölgesi;Yalova;Merkez;27513,9;33628,1;887,3;4708,8;5596,1
Karadeniz Bölgesi;Karabük;Eflani;1343,4;1642;43,3;229,9;273,2
Karadeniz Bölgesi;Karabük;Merkez;19511,3;23847,1;629,2;3339,2;3968,4
Karadeniz Bölgesi;Karabük;Ovacýk;751,7;918,7;46077;128,6;46205,6
Karadeniz Bölgesi;Karabük;Safranbolu;9910,5;12112,8;319,6;1696,1;2015,7
Karadeniz Bölgesi;Karabük;Yenice;3196,7;3907,1;103,1;547,1;650,2
Karadeniz Bölgesi;Karabük;Eskipazar;1949,1;2382,2;62,9;333,6;396,5
Güneydoðu Anadolu Bölgesi;Kilis;Merkez;17915,1;21896,2;577,8;3066;3643,8
Güneydoðu Anadolu Bölgesi;Kilis;Musabeyli;2257,3;2758,9;72,8;386,3;459,1
Güneydoðu Anadolu Bölgesi;Kilis;Elbeyli;1007,6;1231,5;32,5;172,4;204,9
Güneydoðu Anadolu Bölgesi;Kilis;Polateli;827,7;1011,6;46229;141,7;46370,7
Akdeniz Bölgesi;Osmaniye;Bahçe;3287,9;4018,6;106;562,7;668,7
Akdeniz Bölgesi;Osmaniye;Kadirli;18338,1;22413,3;591,4;3138,4;3729,8
Akdeniz Bölgesi;Osmaniye;Merkez;39080,9;47765,6;1260,4;6688,4;7948,8
Akdeniz Bölgesi;Osmaniye;Hasanbeyli;789,5;965;46167;135,1;46302,1
Akdeniz Bölgesi;Osmaniye;Sumbas;2115,1;2585,1;68,2;362;430,2
Akdeniz Bölgesi;Osmaniye;Toprakkale;2975,3;3636,4;96;509,2;605,2
Akdeniz Bölgesi;Osmaniye;Düziçi;12413;15171,5;400,3;2124,4;2524,7
Karadeniz Bölgesi;Düzce;Akçakoca;5742,4;7018,5;185,2;982,8;1168
Karadeniz Bölgesi;Düzce;Merkez;35571,6;43476,4;1147,2;6087,8;7235
Karadeniz Bölgesi;Düzce;Çilimli;2995,8;3661,6;96,6;512,7;609,3
Karadeniz Bölgesi;Düzce;Gümüþova;2313;2827;74,6;395,9;470,5
Karadeniz Bölgesi;Düzce;Kaynaþlý;3070,6;3753;99;525,5;624,5
Karadeniz Bölgesi;Düzce;Yýðýlca;2429,1;2968,9;78,3;415,7;494
Karadeniz Bölgesi;Düzce;Gölyaka;3008,7;3677,3;97;514,9;611,9
Karadeniz Bölgesi;Düzce;Cumayeri;2201,9;2691,2;71;376,8;447,8
